gbifID,datasetKey,occurrenceID,kingdom,phylum,class,order,family,genus,species,infraspecificEpithet,taxonRank,scientificName,verbatimScientificName,verbatimScientificNameAuthorship,countryCode,locality,stateProvince,occurrenceStatus,individualCount,publishingOrgKey,decimalLatitude,decimalLongitude,coordinateUncertaintyInMeters,coordinatePrecision,elevation,elevationAccuracy,depth,depthAccuracy,eventDate,day,month,year,taxonKey,speciesKey,basisOfRecord,institutionCode,collectionCode,catalogNumber,recordNumber,identifiedBy,dateIdentified,license,rightsHolder,recordedBy,typeStatus,establishmentMeans,lastInterpreted,mediaType,issue,OBJECTID,County,FIPS,Rec_Survey,NCGS_url,ck_date,Shape__Are,Shape__Len
"2984405584",50c9509d-22c7-4a22-a47d-8c48425ef4a7,https://www.inaturalist.org/observations/64389375,Animalia,Chordata,Amphibia,Caudata,Cryptobranchidae,Cryptobranchus,Cryptobranchus alleganiensis,,SPECIES,"Cryptobranchus alleganiensis (Sonnini de Manoncourt & Latreille, 1801)",Cryptobranchus alleganiensis,,US,,North Carolina,PRESENT,,28eb1a3f-1c15-4a95-931a-4af90ecb574d,35.291872,-82.748465,28706,,,,,,2020/11/02 16:51:32,"2","11","2020","2432031","2432031",HUMAN_OBSERVATION,iNaturalist,Observations,"64389375",,Luca Catanzaro,2020/11/07 23:20:40,CC_BY_NC_4_0,henderson_nc,henderson_nc,,,2021/04/04 11:02:53,StillImage,"COORDINATE_ROUNDED;GEODETIC_DATUM_ASSUMED_WGS84;INSTITUTION_MATCH_NONE;COLLECTION_MATCH_NONE","43",Transylvania,"175",Recorded survey data is available. Visit North Carolina Geodetic Survey for information. https://ncgs.state.nc.us,https://ncem-gis.maps.arcgis.com/apps/OnePane/basicviewer/index.html?appid=523dc3d6b7424a20afbae7b7c1b99d33,2011/11/29,10600068390.952100753784180,548386.523634038050659
"2963807090",50c9509d-22c7-4a22-a47d-8c48425ef4a7,https://www.inaturalist.org/observations/63718579,Animalia,Chordata,Amphibia,Caudata,Cryptobranchidae,Cryptobranchus,Cryptobranchus alleganiensis,,SPECIES,"Cryptobranchus alleganiensis (Sonnini de Manoncourt & Latreille, 1801)",Cryptobranchus alleganiensis,,US,,North Carolina,PRESENT,,28eb1a3f-1c15-4a95-931a-4af90ecb574d,35.836386,-82.659197,28620,,,,,,2020/10/22 15:38:00,"22","10","2020","2432031","2432031",HUMAN_OBSERVATION,iNaturalist,Observations,"63718579",,hickster3fork33,2020/10/28 19:42:39,CC_BY_NC_4_0,hickster3fork33,hickster3fork33,,,2021/04/04 11:41:29,StillImage,"COORDINATE_ROUNDED;GEODETIC_DATUM_ASSUMED_WGS84;INSTITUTION_MATCH_NONE;COLLECTION_MATCH_NONE","72",Madison,"115",No recent survey data available,,2011/11/29,12584845172.556600570678711,660215.912646913086064
"2884910388",d5fafa95-7de2-48c0-bf10-3480bcca4a2b,66a34f5d-13cd-11eb-a93b-06f21c000156,Animalia,Chordata,Amphibia,Caudata,Cryptobranchidae,Cryptobranchus,Cryptobranchus alleganiensis,,SPECIES,"Cryptobranchus alleghaniensis (Sonnini de Manoncourt & Latreille, 1801)",Cryptobranchus alleghenensis,,US,"Watauga River, at Shulls Mills Baptist Church on SR 1557 [Shulls Mill Rd.], [ca. 4.9 airmi. SW center Boone]",North Carolina,PRESENT,"1",69e7f900-ed5b-11dd-ac7e-b8a03c50a862,36.174301,-81.744698,,,,,,,,,,,"10967813","2432031",PRESERVED_SPECIMEN,NCSM,Herp,"103103",,,,CC0_1_0,Noth Carolina Museum of Natural Sciences,,,,2021/03/30 12:52:07,,"COORDINATE_ROUNDED;TAXON_MATCH_FUZZY;OCCURRENCE_STATUS_INFERRED_FROM_INDIVIDUAL_COUNT;INSTITUTION_MATCH_FUZZY;INSTITUTION_COLLECTION_MISMATCH","89",Watauga,"189",No recent survey data available,,2011/11/29,8735203026.056030273437500,444608.492760764027480
"2884910236",d5fafa95-7de2-48c0-bf10-3480bcca4a2b,66a35109-13cd-11eb-a93b-06f21c000156,Animalia,Chordata,Amphibia,Caudata,Cryptobranchidae,Cryptobranchus,Cryptobranchus alleganiensis,,SPECIES,"Cryptobranchus alleghaniensis (Sonnini de Manoncourt & Latreille, 1801)",Cryptobranchus alleghenensis,,US,Watauga River,North Carolina,PRESENT,"1",69e7f900-ed5b-11dd-ac7e-b8a03c50a862,36.230202,-81.791702,20117,,,,,,,,,,"10967813","2432031",PRESERVED_SPECIMEN,NCSM,Herp,"103104",,,,CC0_1_0,Noth Carolina Museum of Natural Sciences,,,,2021/03/30 12:52:05,,"COORDINATE_ROUNDED;TAXON_MATCH_FUZZY;OCCURRENCE_STATUS_INFERRED_FROM_INDIVIDUAL_COUNT;INSTITUTION_MATCH_FUZZY;INSTITUTION_COLLECTION_MISMATCH","89",Watauga,"189",No recent survey data available,,2011/11/29,8735203026.056030273437500,444608.492760764027480
"2884910210",d5fafa95-7de2-48c0-bf10-3480bcca4a2b,66a3427d-13cd-11eb-a93b-06f21c000156,Animalia,Chordata,Amphibia,Caudata,Cryptobranchidae,Cryptobranchus,Cryptobranchus alleganiensis,,SPECIES,"Cryptobranchus alleghaniensis (Sonnini de Manoncourt & Latreille, 1801)",Cryptobranchus alleghenensis,,US,"Watauga River, [off N side SR 1557 (Shulls Mill Rd.)] at entrance to Hound Ears [Golf Club], [ca. 3.95 airmi. ENE center Seven Devils]",North Carolina,PRESENT,"1",69e7f900-ed5b-11dd-ac7e-b8a03c50a862,36.1731,-81.741699,,,,,,,,,,,"10967813","2432031",PRESERVED_SPECIMEN,NCSM,Herp,"103097",,,,CC0_1_0,Noth Carolina Museum of Natural Sciences,,,,2021/03/30 12:52:05,,"COORDINATE_ROUNDED;TAXON_MATCH_FUZZY;OCCURRENCE_STATUS_INFERRED_FROM_INDIVIDUAL_COUNT;INSTITUTION_MATCH_FUZZY;INSTITUTION_COLLECTION_MISMATCH","89",Watauga,"189",No recent survey data available,,2011/11/29,8735203026.056030273437500,444608.492760764027480
"2884910169",d5fafa95-7de2-48c0-bf10-3480bcca4a2b,66a348ff-13cd-11eb-a93b-06f21c000156,Animalia,Chordata,Amphibia,Caudata,Cryptobranchidae,Cryptobranchus,Cryptobranchus alleganiensis,,SPECIES,"Cryptobranchus alleghaniensis (Sonnini de Manoncourt & Latreille, 1801)",Cryptobranchus alleghenensis,,US,"Watauga River, below Shulls Mill Dam, [E side NC 105 at jct. SR 1568 (Old Shulls Mill Rd.)], [ca. 1.8 airmi. NE center Foscoe]",North Carolina,PRESENT,"1",69e7f900-ed5b-11dd-ac7e-b8a03c50a862,36.183201,-81.746902,,,,,,,,,,,"10967813","2432031",PRESERVED_SPECIMEN,NCSM,Herp,"103100",,,,CC0_1_0,Noth Carolina Museum of Natural Sciences,,,,2021/03/30 12:52:05,,"COORDINATE_ROUNDED;TAXON_MATCH_FUZZY;OCCURRENCE_STATUS_INFERRED_FROM_INDIVIDUAL_COUNT;INSTITUTION_MATCH_FUZZY;INSTITUTION_COLLECTION_MISMATCH","89",Watauga,"189",No recent survey data available,,2011/11/29,8735203026.056030273437500,444608.492760764027480
"2884910135",d5fafa95-7de2-48c0-bf10-3480bcca4a2b,66a37235-13cd-11eb-a93b-06f21c000156,Animalia,Chordata,Amphibia,Caudata,Cryptobranchidae,Cryptobranchus,Cryptobranchus alleganiensis,,SPECIES,"Cryptobranchus alleghaniensis (Sonnini de Manoncourt & Latreille, 1801)",Cryptobranchus alleghenensis,,US,"Watauga River, below Shulls Mill Dam, [E side NC 105 at jct. SR 1568 (Old Shulls Mill Rd.)], [ca. 1.8 airmi. NE center Foscoe]",North Carolina,PRESENT,"1",69e7f900-ed5b-11dd-ac7e-b8a03c50a862,36.183201,-81.746902,,,,,,,,,,,"10967813","2432031",PRESERVED_SPECIMEN,NCSM,Herp,"103120",,,,CC0_1_0,Noth Carolina Museum of Natural Sciences,,,,2021/03/30 12:52:04,,"COORDINATE_ROUNDED;TAXON_MATCH_FUZZY;OCCURRENCE_STATUS_INFERRED_FROM_INDIVIDUAL_COUNT;INSTITUTION_MATCH_FUZZY;INSTITUTION_COLLECTION_MISMATCH","89",Watauga,"189",No recent survey data available,,2011/11/29,8735203026.056030273437500,444608.492760764027480
"2884910081",d5fafa95-7de2-48c0-bf10-3480bcca4a2b,66a345d3-13cd-11eb-a93b-06f21c000156,Animalia,Chordata,Amphibia,Caudata,Cryptobranchidae,Cryptobranchus,Cryptobranchus alleganiensis,,SPECIES,"Cryptobranchus alleghaniensis (Sonnini de Manoncourt & Latreille, 1801)",Cryptobranchus alleghenensis,,US,"Nantahala National Forest, Santeetlah Creek at Rattler Ford Campground, [ca. 6.7 airmi. WNW center Robbinsville]",North Carolina,PRESENT,"1",69e7f900-ed5b-11dd-ac7e-b8a03c50a862,35.358398,-83.9179,201,,,,,,,,,,"10967813","2432031",PRESERVED_SPECIMEN,NCSM,Herp,"103098",,,,CC0_1_0,Noth Carolina Museum of Natural Sciences,,,,2021/03/30 12:52:04,,"COORDINATE_ROUNDED;TAXON_MATCH_FUZZY;OCCURRENCE_STATUS_INFERRED_FROM_INDIVIDUAL_COUNT;INSTITUTION_MATCH_FUZZY;INSTITUTION_COLLECTION_MISMATCH","57",Graham,"75",No recent survey data available,,2011/11/29,8407157625.797209739685059,476642.886354553978890
"2884909983",d5fafa95-7de2-48c0-bf10-3480bcca4a2b,66a33cff-13cd-11eb-a93b-06f21c000156,Animalia,Chordata,Amphibia,Caudata,Cryptobranchidae,Cryptobranchus,Cryptobranchus alleganiensis,,SPECIES,"Cryptobranchus alleghaniensis (Sonnini de Manoncourt & Latreille, 1801)",Cryptobranchus alleghenensis,,US,"Watauga River, Boone Fork, SR 1558 [Old Turnpike Rd.], 1.0 [rd]mi. S jct. SR 1557 [Shulls Mill Rd.], [ca. 3.3 airmi. E.NE center Seven Devils]",North Carolina,PRESENT,"1",69e7f900-ed5b-11dd-ac7e-b8a03c50a862,36.155399,-81.737602,201,,,,,,,,,,"10967813","2432031",PRESERVED_SPECIMEN,NCSM,Herp,"103095",,,,CC0_1_0,Noth Carolina Museum of Natural Sciences,,,,2021/03/30 12:52:03,,"COORDINATE_ROUNDED;TAXON_MATCH_FUZZY;OCCURRENCE_STATUS_INFERRED_FROM_INDIVIDUAL_COUNT;INSTITUTION_MATCH_FUZZY;INSTITUTION_COLLECTION_MISMATCH","89",Watauga,"189",No recent survey data available,,2011/11/29,8735203026.056030273437500,444608.492760764027480
"2884909838",d5fafa95-7de2-48c0-bf10-3480bcca4a2b,66a34a98-13cd-11eb-a93b-06f21c000156,Animalia,Chordata,Amphibia,Caudata,Cryptobranchidae,Cryptobranchus,Cryptobranchus alleganiensis,,SPECIES,"Cryptobranchus alleghaniensis (Sonnini de Manoncourt & Latreille, 1801)",Cryptobranchus alleghenensis,,US,"Watauga River at Shulls Mill Dam, [E side NC 105 at jct. SR 1568 (Old Shulls Mill Rd.)], [ca. 1.8 airmi. NE center Foscoe]",North Carolina,PRESENT,"1",69e7f900-ed5b-11dd-ac7e-b8a03c50a862,36.183201,-81.746902,,,,,,,,,,,"10967813","2432031",PRESERVED_SPECIMEN,NCSM,Herp,"103101",,,,CC0_1_0,Noth Carolina Museum of Natural Sciences,,,,2021/03/30 12:52:02,,"COORDINATE_ROUNDED;TAXON_MATCH_FUZZY;OCCURRENCE_STATUS_INFERRED_FROM_INDIVIDUAL_COUNT;INSTITUTION_MATCH_FUZZY;INSTITUTION_COLLECTION_MISMATCH","89",Watauga,"189",No recent survey data available,,2011/11/29,8735203026.056030273437500,444608.492760764027480
"2884909816",d5fafa95-7de2-48c0-bf10-3480bcca4a2b,66a33fcb-13cd-11eb-a93b-06f21c000156,Animalia,Chordata,Amphibia,Caudata,Cryptobranchidae,Cryptobranchus,Cryptobranchus alleganiensis,,SPECIES,"Cryptobranchus alleghaniensis (Sonnini de Manoncourt & Latreille, 1801)",Cryptobranchus alleghenensis,,US,"Boone Fork of Watauga River, ca. 1.0 mi. S Hebron Colony and ca. 1.0 mi. [SW] SR 1557 [Shulls Mill Rd.], [ca. 4.3 airmi. E.SE center Seven Devils]",North Carolina,PRESENT,"1",69e7f900-ed5b-11dd-ac7e-b8a03c50a862,36.1436,-81.730904,805,,,,,,,,,,"10967813","2432031",PRESERVED_SPECIMEN,NCSM,Herp,"103096",,,,CC0_1_0,Noth Carolina Museum of Natural Sciences,,,,2021/03/30 12:52:02,,"COORDINATE_ROUNDED;TAXON_MATCH_FUZZY;OCCURRENCE_STATUS_INFERRED_FROM_INDIVIDUAL_COUNT;INSTITUTION_MATCH_FUZZY;INSTITUTION_COLLECTION_MISMATCH","89",Watauga,"189",No recent survey data available,,2011/11/29,8735203026.056030273437500,444608.492760764027480
"2884909718",d5fafa95-7de2-48c0-bf10-3480bcca4a2b,66a37056-13cd-11eb-a93b-06f21c000156,Animalia,Chordata,Amphibia,Caudata,Cryptobranchidae,Cryptobranchus,Cryptobranchus alleganiensis,,SPECIES,"Cryptobranchus alleghaniensis (Sonnini de Manoncourt & Latreille, 1801)",Cryptobranchus alleghenensis,,US,"Watauga River, below Shulls Mill Dam, [E side NC 105 at jct. SR 1568 (Old Shulls Mill Rd.)], [ca. 1.8 airmi. NE center Foscoe]",North Carolina,PRESENT,"1",69e7f900-ed5b-11dd-ac7e-b8a03c50a862,36.183201,-81.746902,,,,,,,,,,,"10967813","2432031",PRESERVED_SPECIMEN,NCSM,Herp,"103119",,,,CC0_1_0,Noth Carolina Museum of Natural Sciences,,,,2021/03/30 12:52:01,,"COORDINATE_ROUNDED;TAXON_MATCH_FUZZY;OCCURRENCE_STATUS_INFERRED_FROM_INDIVIDUAL_COUNT;INSTITUTION_MATCH_FUZZY;INSTITUTION_COLLECTION_MISMATCH","89",Watauga,"189",No recent survey data available,,2011/11/29,8735203026.056030273437500,444608.492760764027480
"2884909578",d5fafa95-7de2-48c0-bf10-3480bcca4a2b,66a3375b-13cd-11eb-a93b-06f21c000156,Animalia,Chordata,Amphibia,Caudata,Cryptobranchidae,Cryptobranchus,Cryptobranchus alleganiensis,,SPECIES,"Cryptobranchus alleghaniensis (Sonnini de Manoncourt & Latreille, 1801)",Cryptobranchus alleghenensis,,US,"Watauga River, near Hound Ears [Golf Club], [ca. 1.6 airmi. NE center Foscoe]",North Carolina,PRESENT,"1",69e7f900-ed5b-11dd-ac7e-b8a03c50a862,36.175201,-81.742401,805,,,,,,,,,,"10967813","2432031",PRESERVED_SPECIMEN,NCSM,Herp,"103094",,,,CC0_1_0,Noth Carolina Museum of Natural Sciences,,,,2021/03/30 12:52:00,,"COORDINATE_ROUNDED;TAXON_MATCH_FUZZY;OCCURRENCE_STATUS_INFERRED_FROM_INDIVIDUAL_COUNT;INSTITUTION_MATCH_FUZZY;INSTITUTION_COLLECTION_MISMATCH","89",Watauga,"189",No recent survey data available,,2011/11/29,8735203026.056030273437500,444608.492760764027480
"2884909538",d5fafa95-7de2-48c0-bf10-3480bcca4a2b,66a34c20-13cd-11eb-a93b-06f21c000156,Animalia,Chordata,Amphibia,Caudata,Cryptobranchidae,Cryptobranchus,Cryptobranchus alleganiensis,,SPECIES,"Cryptobranchus alleghaniensis (Sonnini de Manoncourt & Latreille, 1801)",Cryptobranchus alleghenensis,,US,"Boone Fork of Watauga River, S Hebron Colony, [ca. 4.3 airmi. E.SE center Seven Devils]",North Carolina,PRESENT,"1",69e7f900-ed5b-11dd-ac7e-b8a03c50a862,36.1436,-81.730904,805,,,,,,,,,,"10967813","2432031",PRESERVED_SPECIMEN,NCSM,Herp,"103102",,,,CC0_1_0,Noth Carolina Museum of Natural Sciences,,,,2021/03/30 12:51:59,,"COORDINATE_ROUNDED;TAXON_MATCH_FUZZY;OCCURRENCE_STATUS_INFERRED_FROM_INDIVIDUAL_COUNT;INSTITUTION_MATCH_FUZZY;INSTITUTION_COLLECTION_MISMATCH","89",Watauga,"189",No recent survey data available,,2011/11/29,8735203026.056030273437500,444608.492760764027480
"2884909501",d5fafa95-7de2-48c0-bf10-3480bcca4a2b,66a34792-13cd-11eb-a93b-06f21c000156,Animalia,Chordata,Amphibia,Caudata,Cryptobranchidae,Cryptobranchus,Cryptobranchus alleganiensis,,SPECIES,"Cryptobranchus alleghaniensis (Sonnini de Manoncourt & Latreille, 1801)",Cryptobranchus alleghenensis,,US,"Watauga River at Shulls Mill Dam, [E side NC 105 at jct. SR 1568 (Old Shulls Mill Rd.)], [ca. 1.8 airmi. NE center Foscoe]",North Carolina,PRESENT,"1",69e7f900-ed5b-11dd-ac7e-b8a03c50a862,36.183201,-81.746902,,,,,,,,,,,"10967813","2432031",PRESERVED_SPECIMEN,NCSM,Herp,"103099",,,,CC0_1_0,Noth Carolina Museum of Natural Sciences,,,,2021/03/30 12:51:59,,"COORDINATE_ROUNDED;TAXON_MATCH_FUZZY;OCCURRENCE_STATUS_INFERRED_FROM_INDIVIDUAL_COUNT;INSTITUTION_MATCH_FUZZY;INSTITUTION_COLLECTION_MISMATCH","89",Watauga,"189",No recent survey data available,,2011/11/29,8735203026.056030273437500,444608.492760764027480
"2862565750",50c9509d-22c7-4a22-a47d-8c48425ef4a7,https://www.inaturalist.org/observations/58619992,Animalia,Chordata,Amphibia,Caudata,Cryptobranchidae,Cryptobranchus,Cryptobranchus alleganiensis,,SPECIES,"Cryptobranchus alleganiensis (Sonnini de Manoncourt & Latreille, 1801)",Cryptobranchus alleganiensis,,US,,North Carolina,PRESENT,,28eb1a3f-1c15-4a95-931a-4af90ecb574d,35.274318,-82.778189,28706,,,,,,2020/09/04 17:04:58,"4","9","2020","2432031","2432031",HUMAN_OBSERVATION,iNaturalist,Observations,"58619992",,glenndegeorge,2020/09/05 17:17:52,CC_BY_NC_4_0,glenndegeorge,glenndegeorge,,,2021/04/04 11:27:02,StillImage,"COORDINATE_ROUNDED;GEODETIC_DATUM_ASSUMED_WGS84;INSTITUTION_MATCH_NONE;COLLECTION_MATCH_NONE","43",Transylvania,"175",Recorded survey data is available. Visit North Carolina Geodetic Survey for information. https://ncgs.state.nc.us,https://ncem-gis.maps.arcgis.com/apps/OnePane/basicviewer/index.html?appid=523dc3d6b7424a20afbae7b7c1b99d33,2011/11/29,10600068390.952100753784180,548386.523634038050659
"2856529610",50c9509d-22c7-4a22-a47d-8c48425ef4a7,https://www.inaturalist.org/observations/57128166,Animalia,Chordata,Amphibia,Caudata,Cryptobranchidae,Cryptobranchus,Cryptobranchus alleganiensis,alleganiensis,SUBSPECIES,Cryptobranchus alleganiensis alleganiensis,Cryptobranchus alleganiensis alleganiensis,,US,,North Carolina,PRESENT,,28eb1a3f-1c15-4a95-931a-4af90ecb574d,36.107419,-81.797193,28592,,,,,,2020/08/09 16:44:57,"9","8","2020","7062233","2432031",HUMAN_OBSERVATION,iNaturalist,Observations,"57128166",,kierpatel,2020/08/21 15:33:20,CC_BY_NC_4_0,kierpatel,kierpatel,,,2021/04/04 10:59:40,StillImage,"COORDINATE_ROUNDED;GEODETIC_DATUM_ASSUMED_WGS84;INSTITUTION_MATCH_NONE;COLLECTION_MATCH_NONE","75",Caldwell,"27",No recent survey data available,,2011/11/29,13229092207.635599136352539,542400.304102018009871
"2851105224",50c9509d-22c7-4a22-a47d-8c48425ef4a7,https://www.inaturalist.org/observations/56089313,Animalia,Chordata,Amphibia,Caudata,Cryptobranchidae,Cryptobranchus,Cryptobranchus alleganiensis,alleganiensis,SUBSPECIES,Cryptobranchus alleganiensis alleganiensis,Cryptobranchus alleganiensis alleganiensis,,US,,North Carolina,PRESENT,,28eb1a3f-1c15-4a95-931a-4af90ecb574d,35.925796,-82.147772,28620,,,,,,2020/08/08 15:39:00,"8","8","2020","7062233","2432031",HUMAN_OBSERVATION,iNaturalist,Observations,"56089313",,Rob Van Epps,2020/08/11 01:54:34,CC_BY_NC_4_0,Rob Van Epps,Rob Van Epps,,,2021/04/04 11:27:12,StillImage,"COORDINATE_ROUNDED;GEODETIC_DATUM_ASSUMED_WGS84;INSTITUTION_MATCH_NONE;COLLECTION_MATCH_NONE","78",Mitchell,"121",No recent survey data available,,2014/09/11,6185163883.331049919128418,557594.569657052983530
"2851050099",50c9509d-22c7-4a22-a47d-8c48425ef4a7,https://www.inaturalist.org/observations/55989717,Animalia,Chordata,Amphibia,Caudata,Cryptobranchidae,Cryptobranchus,Cryptobranchus alleganiensis,alleganiensis,SUBSPECIES,Cryptobranchus alleganiensis alleganiensis,Cryptobranchus alleganiensis alleganiensis,,US,,North Carolina,PRESENT,,28eb1a3f-1c15-4a95-931a-4af90ecb574d,35.800456,-82.195636,28620,,,,,,2020/08/08 16:40:00,"8","8","2020","7062233","2432031",HUMAN_OBSERVATION,iNaturalist,Observations,"55989717",,kevinemetcalf,2020/08/10 02:24:30,CC_BY_NC_4_0,kevinemetcalf,kevinemetcalf,,,2021/04/04 10:59:11,StillImage,"COORDINATE_ROUNDED;GEODETIC_DATUM_ASSUMED_WGS84;INSTITUTION_MATCH_NONE;COLLECTION_MATCH_NONE","73",Yancey,"199",No recent survey data available,,2014/09/11,8729845647.866029739379883,540363.880884664948098
"2850782333",50c9509d-22c7-4a22-a47d-8c48425ef4a7,https://www.inaturalist.org/observations/56157571,Animalia,Chordata,Amphibia,Caudata,Cryptobranchidae,Cryptobranchus,Cryptobranchus alleganiensis,,SPECIES,"Cryptobranchus alleganiensis (Sonnini de Manoncourt & Latreille, 1801)",Cryptobranchus alleganiensis,,US,,North Carolina,PRESENT,,28eb1a3f-1c15-4a95-931a-4af90ecb574d,35.360604,-82.618497,28706,,,,,,2020/07/30 14:31:49,"30","7","2020","2432031","2432031",HUMAN_OBSERVATION,iNaturalist,Observations,"56157571",,transylvania_nc,2020/08/11 19:52:29,CC_BY_NC_4_0,transylvania_nc,transylvania_nc,,,2021/04/04 11:30:11,StillImage,"COORDINATE_ROUNDED;GEODETIC_DATUM_ASSUMED_WGS84;INSTITUTION_MATCH_NONE;COLLECTION_MATCH_NONE","52",Henderson,"89",Recorded survey data is available. Visit North Carolina Geodetic Survey for information. https://ncgs.state.nc.us,https://ncem-gis.maps.arcgis.com/apps/OnePane/basicviewer/index.html?appid=523dc3d6b7424a20afbae7b7c1b99d33,2011/11/29,10457322037.599199295043945,599031.945567935006693
"2826442751",50c9509d-22c7-4a22-a47d-8c48425ef4a7,https://www.inaturalist.org/observations/54882017,Animalia,Chordata,Amphibia,Caudata,Cryptobranchidae,Cryptobranchus,Cryptobranchus alleganiensis,alleganiensis,SUBSPECIES,Cryptobranchus alleganiensis alleganiensis,Cryptobranchus alleganiensis alleganiensis,,US,,North Carolina,PRESENT,,28eb1a3f-1c15-4a95-931a-4af90ecb574d,35.213078,-82.681388,28706,,,,,,2020/07/30 14:31:35,"30","7","2020","7062233","2432031",HUMAN_OBSERVATION,iNaturalist,Observations,"54882017",,pisgahschoolforlearning,2020/07/30 21:50:54,CC_BY_NC_4_0,pisgahschoolforlearning,pisgahschoolforlearning,,,2021/04/04 11:29:33,StillImage,"COORDINATE_ROUNDED;GEODETIC_DATUM_ASSUMED_WGS84;INSTITUTION_MATCH_NONE;COLLECTION_MATCH_NONE","43",Transylvania,"175",Recorded survey data is available. Visit North Carolina Geodetic Survey for information. https://ncgs.state.nc.us,https://ncem-gis.maps.arcgis.com/apps/OnePane/basicviewer/index.html?appid=523dc3d6b7424a20afbae7b7c1b99d33,2011/11/29,10600068390.952100753784180,548386.523634038050659
"2818745732",50c9509d-22c7-4a22-a47d-8c48425ef4a7,https://www.inaturalist.org/observations/52634322,Animalia,Chordata,Amphibia,Caudata,Cryptobranchidae,Cryptobranchus,Cryptobranchus alleganiensis,,SPECIES,"Cryptobranchus alleganiensis (Sonnini de Manoncourt & Latreille, 1801)",Cryptobranchus alleganiensis,,US,,North Carolina,PRESENT,,28eb1a3f-1c15-4a95-931a-4af90ecb574d,35.317176,-82.644115,28706,,,,,,2011/02/02 01:21:00,"2","2","2011","2432031","2432031",HUMAN_OBSERVATION,iNaturalist,Observations,"52634322",,John G. Phillips,2020/07/11 01:41:43,CC_BY_NC_4_0,John G. Phillips,John G. Phillips,,,2021/04/04 11:43:03,StillImage,"COORDINATE_ROUNDED;GEODETIC_DATUM_ASSUMED_WGS84;INSTITUTION_MATCH_NONE;COLLECTION_MATCH_NONE","43",Transylvania,"175",Recorded survey data is available. Visit North Carolina Geodetic Survey for information. https://ncgs.state.nc.us,https://ncem-gis.maps.arcgis.com/apps/OnePane/basicviewer/index.html?appid=523dc3d6b7424a20afbae7b7c1b99d33,2011/11/29,10600068390.952100753784180,548386.523634038050659
"2803105846",50c9509d-22c7-4a22-a47d-8c48425ef4a7,https://www.inaturalist.org/observations/50283924,Animalia,Chordata,Amphibia,Caudata,Cryptobranchidae,Cryptobranchus,Cryptobranchus alleganiensis,alleganiensis,SUBSPECIES,Cryptobranchus alleganiensis alleganiensis,Cryptobranchus alleganiensis alleganiensis,,US,,North Carolina,PRESENT,,28eb1a3f-1c15-4a95-931a-4af90ecb574d,35.297315,-82.76286,28706,,,,,,2000/08/10 00:00:00,"10","8","2000","7062233","2432031",HUMAN_OBSERVATION,iNaturalist,Observations,"50283924",,Steve O'Neil,2020/06/20 16:17:34,CC_BY_NC_4_0,Steve O'Neil,Steve O'Neil,,,2021/04/04 11:34:18,,"COORDINATE_ROUNDED;GEODETIC_DATUM_ASSUMED_WGS84;INSTITUTION_MATCH_NONE;COLLECTION_MATCH_NONE","43",Transylvania,"175",Recorded survey data is available. Visit North Carolina Geodetic Survey for information. https://ncgs.state.nc.us,https://ncem-gis.maps.arcgis.com/apps/OnePane/basicviewer/index.html?appid=523dc3d6b7424a20afbae7b7c1b99d33,2011/11/29,10600068390.952100753784180,548386.523634038050659
"2802645364",50c9509d-22c7-4a22-a47d-8c48425ef4a7,https://www.inaturalist.org/observations/50284401,Animalia,Chordata,Amphibia,Caudata,Cryptobranchidae,Cryptobranchus,Cryptobranchus alleganiensis,alleganiensis,SUBSPECIES,Cryptobranchus alleganiensis alleganiensis,Cryptobranchus alleganiensis alleganiensis,,US,,North Carolina,PRESENT,,28eb1a3f-1c15-4a95-931a-4af90ecb574d,35.237126,-82.698289,28706,,,,,,2000/08/10 00:00:00,"10","8","2000","7062233","2432031",HUMAN_OBSERVATION,iNaturalist,Observations,"50284401",,Steve O'Neil,2020/06/20 16:20:54,CC_BY_NC_4_0,Steve O'Neil,Steve O'Neil,,,2021/04/04 11:25:42,,"COORDINATE_ROUNDED;GEODETIC_DATUM_ASSUMED_WGS84;INSTITUTION_MATCH_NONE;COLLECTION_MATCH_NONE","43",Transylvania,"175",Recorded survey data is available. Visit North Carolina Geodetic Survey for information. https://ncgs.state.nc.us,https://ncem-gis.maps.arcgis.com/apps/OnePane/basicviewer/index.html?appid=523dc3d6b7424a20afbae7b7c1b99d33,2011/11/29,10600068390.952100753784180,548386.523634038050659
"2802541797",50c9509d-22c7-4a22-a47d-8c48425ef4a7,https://www.inaturalist.org/observations/49289835,Animalia,Chordata,Amphibia,Caudata,Cryptobranchidae,Cryptobranchus,Cryptobranchus alleganiensis,,SPECIES,"Cryptobranchus alleganiensis (Sonnini de Manoncourt & Latreille, 1801)",Cryptobranchus alleganiensis,,US,,North Carolina,PRESENT,,28eb1a3f-1c15-4a95-931a-4af90ecb574d,35.351936,-83.847606,28706,,,,,,2013/05/19 16:44:00,"19","5","2013","2432031","2432031",HUMAN_OBSERVATION,iNaturalist,Observations,"49289835",,cbernz,2020/06/12 01:49:47,CC_BY_NC_4_0,cbernz,cbernz,,,2021/04/04 10:56:01,StillImage,"COORDINATE_ROUNDED;GEODETIC_DATUM_ASSUMED_WGS84;INSTITUTION_MATCH_NONE;COLLECTION_MATCH_NONE","57",Graham,"75",No recent survey data available,,2011/11/29,8407157625.797209739685059,476642.886354553978890
"2611406692",50c9509d-22c7-4a22-a47d-8c48425ef4a7,https://www.inaturalist.org/observations/44267803,Animalia,Chordata,Amphibia,Caudata,Cryptobranchidae,Cryptobranchus,Cryptobranchus alleganiensis,,SPECIES,"Cryptobranchus alleganiensis (Sonnini de Manoncourt & Latreille, 1801)",Cryptobranchus alleganiensis,,US,,North Carolina,PRESENT,,28eb1a3f-1c15-4a95-931a-4af90ecb574d,35.275012,-82.71258,28706,,,,,,2020/04/24 17:39:00,"24","4","2020","2432031","2432031",HUMAN_OBSERVATION,iNaturalist,Observations,"44267803",,Shane Worley,2020/04/29 16:45:49,CC_BY_NC_4_0,Shane Worley,Shane Worley,,,2021/04/04 11:41:08,StillImage,"COORDINATE_ROUNDED;GEODETIC_DATUM_ASSUMED_WGS84;INSTITUTION_MATCH_NONE;COLLECTION_MATCH_NONE","43",Transylvania,"175",Recorded survey data is available. Visit North Carolina Geodetic Survey for information. https://ncgs.state.nc.us,https://ncem-gis.maps.arcgis.com/apps/OnePane/basicviewer/index.html?appid=523dc3d6b7424a20afbae7b7c1b99d33,2011/11/29,10600068390.952100753784180,548386.523634038050659
"2596403119",50c9509d-22c7-4a22-a47d-8c48425ef4a7,https://www.inaturalist.org/observations/40718113,Animalia,Chordata,Amphibia,Caudata,Cryptobranchidae,Cryptobranchus,Cryptobranchus alleganiensis,,SPECIES,"Cryptobranchus alleganiensis (Sonnini de Manoncourt & Latreille, 1801)",Cryptobranchus alleganiensis,,US,,North Carolina,PRESENT,,28eb1a3f-1c15-4a95-931a-4af90ecb574d,35.496622,-82.457661,28677,,,,,,2020/03/25 16:17:28,"25","3","2020","2432031","2432031",HUMAN_OBSERVATION,iNaturalist,Observations,"40718113",,clemsonfloyd,2020/03/25 21:57:55,CC_BY_NC_4_0,clemsonfloyd,clemsonfloyd,,,2021/04/04 10:54:26,StillImage,"COORDINATE_ROUNDED;GEODETIC_DATUM_ASSUMED_WGS84;INSTITUTION_MATCH_NONE;COLLECTION_MATCH_NONE","61",Buncombe,"21",No recent survey data available,,2011/11/29,18391145429.709999084472656,790738.319015630055219
"2557772392",50c9509d-22c7-4a22-a47d-8c48425ef4a7,https://www.inaturalist.org/observations/37523207,Animalia,Chordata,Amphibia,Caudata,Cryptobranchidae,Cryptobranchus,Cryptobranchus alleganiensis,,SPECIES,"Cryptobranchus alleganiensis (Sonnini de Manoncourt & Latreille, 1801)",Cryptobranchus alleganiensis,,US,,North Carolina,PRESENT,,28eb1a3f-1c15-4a95-931a-4af90ecb574d,35.324187,-82.663374,28706,,,,,,2019/12/30 18:14:38,"30","12","2019","2432031","2432031",HUMAN_OBSERVATION,iNaturalist,Observations,"37523207",,buncombe_nc,2020/01/12 14:26:06,CC_BY_NC_4_0,buncombe_nc,buncombe_nc,,,2021/04/04 11:21:45,StillImage,"COORDINATE_ROUNDED;GEODETIC_DATUM_ASSUMED_WGS84;INSTITUTION_MATCH_NONE;COLLECTION_MATCH_NONE","43",Transylvania,"175",Recorded survey data is available. Visit North Carolina Geodetic Survey for information. https://ncgs.state.nc.us,https://ncem-gis.maps.arcgis.com/apps/OnePane/basicviewer/index.html?appid=523dc3d6b7424a20afbae7b7c1b99d33,2011/11/29,10600068390.952100753784180,548386.523634038050659
"2529283732",50c9509d-22c7-4a22-a47d-8c48425ef4a7,https://www.inaturalist.org/observations/36763141,Animalia,Chordata,Amphibia,Caudata,Cryptobranchidae,Cryptobranchus,Cryptobranchus alleganiensis,,SPECIES,"Cryptobranchus alleganiensis (Sonnini de Manoncourt & Latreille, 1801)",Cryptobranchus alleganiensis,,US,,North Carolina,PRESENT,,28eb1a3f-1c15-4a95-931a-4af90ecb574d,35.28277,-82.769202,28706,,,,,,2019/09/14 11:10:00,"14","9","2019","2432031","2432031",HUMAN_OBSERVATION,iNaturalist,Observations,"36763141",,mattwelc,2019/12/18 23:21:21,CC_BY_NC_4_0,mattwelc,mattwelc,,,2021/04/04 11:26:39,StillImage,"COORDINATE_ROUNDED;GEODETIC_DATUM_ASSUMED_WGS84;INSTITUTION_MATCH_NONE;COLLECTION_MATCH_NONE","43",Transylvania,"175",Recorded survey data is available. Visit North Carolina Geodetic Survey for information. https://ncgs.state.nc.us,https://ncem-gis.maps.arcgis.com/apps/OnePane/basicviewer/index.html?appid=523dc3d6b7424a20afbae7b7c1b99d33,2011/11/29,10600068390.952100753784180,548386.523634038050659
"2350383096",50c9509d-22c7-4a22-a47d-8c48425ef4a7,https://www.inaturalist.org/observations/30638632,Animalia,Chordata,Amphibia,Caudata,Cryptobranchidae,Cryptobranchus,Cryptobranchus alleganiensis,alleganiensis,SUBSPECIES,Cryptobranchus alleganiensis alleganiensis,Cryptobranchus alleganiensis alleganiensis,,US,,North Carolina,PRESENT,,28eb1a3f-1c15-4a95-931a-4af90ecb574d,35.225362,-82.668111,28706,,,,,,2019/08/06 16:30:00,"6","8","2019","7062233","2432031",HUMAN_OBSERVATION,iNaturalist,Observations,"30638632",,markg,2019/08/11 20:28:47,CC_BY_NC_4_0,markg,markg,,,2021/04/04 10:49:56,,"COORDINATE_ROUNDED;GEODETIC_DATUM_ASSUMED_WGS84;INSTITUTION_MATCH_NONE;COLLECTION_MATCH_NONE","43",Transylvania,"175",Recorded survey data is available. Visit North Carolina Geodetic Survey for information. https://ncgs.state.nc.us,https://ncem-gis.maps.arcgis.com/apps/OnePane/basicviewer/index.html?appid=523dc3d6b7424a20afbae7b7c1b99d33,2011/11/29,10600068390.952100753784180,548386.523634038050659
"2294492637",50c9509d-22c7-4a22-a47d-8c48425ef4a7,https://www.inaturalist.org/observations/28807481,Animalia,Chordata,Amphibia,Caudata,Cryptobranchidae,Cryptobranchus,Cryptobranchus alleganiensis,,SPECIES,"Cryptobranchus alleganiensis (Sonnini de Manoncourt & Latreille, 1801)",Cryptobranchus alleganiensis,,US,,North Carolina,PRESENT,,28eb1a3f-1c15-4a95-931a-4af90ecb574d,35.246247,-82.762379,28706,,,,,,2019/07/03 12:14:00,"3","7","2019","2432031","2432031",HUMAN_OBSERVATION,iNaturalist,Observations,"28807481",,Paul,2019/07/14 17:11:26,CC_BY_NC_4_0,Paul,Paul,,,2021/04/04 11:20:26,StillImage,"COORDINATE_ROUNDED;GEODETIC_DATUM_ASSUMED_WGS84;INSTITUTION_MATCH_NONE;COLLECTION_MATCH_NONE","43",Transylvania,"175",Recorded survey data is available. Visit North Carolina Geodetic Survey for information. https://ncgs.state.nc.us,https://ncem-gis.maps.arcgis.com/apps/OnePane/basicviewer/index.html?appid=523dc3d6b7424a20afbae7b7c1b99d33,2011/11/29,10600068390.952100753784180,548386.523634038050659
"2237453108",50c9509d-22c7-4a22-a47d-8c48425ef4a7,https://www.inaturalist.org/observations/22757217,Animalia,Chordata,Amphibia,Caudata,Cryptobranchidae,Cryptobranchus,Cryptobranchus alleganiensis,,SPECIES,"Cryptobranchus alleganiensis (Sonnini de Manoncourt & Latreille, 1801)",Cryptobranchus alleganiensis,,US,,North Carolina,PRESENT,,28eb1a3f-1c15-4a95-931a-4af90ecb574d,35.428615,-83.368665,28677,,,,,,2019/04/17 10:42:00,"17","4","2019","2432031","2432031",HUMAN_OBSERVATION,iNaturalist,Observations,"22757217",,Bradley Rasmussen,2019/04/20 15:10:09,CC_BY_NC_4_0,Bradley Rasmussen,Bradley Rasmussen,,,2021/04/04 11:36:34,StillImage,"COORDINATE_ROUNDED;GEODETIC_DATUM_ASSUMED_WGS84;INSTITUTION_MATCH_NONE;COLLECTION_MATCH_NONE","59",Swain,"173",No recent survey data available,,2011/11/29,15057491262.911300659179688,851283.118235107045621
"1987229977",8e479b8f-ac16-4bed-a11a-bc7e27c31663,ff4bf9a1-fba7-44cc-8ba1-5d39370f5b60,Animalia,Chordata,Amphibia,Caudata,Cryptobranchidae,Cryptobranchus,,,GENUS,"Cryptobranchus Leuckart, 1821",CRYPTOBRANCHUS ALLEGANIENSIS,,US,FIRES CREEK,North Carolina,PRESENT,"1",6ea87510-0561-11d8-b851-b8a03c50a862,35.106775,-83.819213,7866,,,,,,1960/09/21 00:00:00,"21","9","1960","2432030",,PRESERVED_SPECIMEN,UMMZ,herps,"193711",RLH A-1752,,,CC_BY_4_0,,R L HUMPHRIES,,NATIVE,2021/03/30 11:42:35,,"COLLECTION_MATCH_NONE;INSTITUTION_MATCH_FUZZY","51",Clay,"43",No recent survey data available,,2011/11/29,6153362609.045000076293945,449623.071326926990878
"1987224274",8e479b8f-ac16-4bed-a11a-bc7e27c31663,f9267c27-3d17-4e07-bf17-d48ebd086c0f,Animalia,Chordata,Amphibia,Caudata,Cryptobranchidae,Cryptobranchus,,,GENUS,"Cryptobranchus Leuckart, 1821",CRYPTOBRANCHUS ALLEGANIENSIS,,US,N FORK NEW RIVER NR CRUMPLER,North Carolina,PRESENT,"1",6ea87510-0561-11d8-b851-b8a03c50a862,36.505911,-81.391779,3036,,,,,,1961/10/12 00:00:00,"12","10","1961","2432030",,PRESERVED_SPECIMEN,UMMZ,herps,"193695",RLH A-1734,,,CC_BY_4_0,,R L HUMPHRIES,,NATIVE,2021/03/30 11:42:35,,"RECORDED_DATE_INVALID;COLLECTION_MATCH_NONE;INSTITUTION_MATCH_FUZZY","99",Ashe,"9",No recent survey data available,,2011/11/29,11939188224.467700958251953,520045.398396803007927
"1987220946",8e479b8f-ac16-4bed-a11a-bc7e27c31663,f53fbe16-da0a-475c-9732-375aec4b96b0,Animalia,Chordata,Amphibia,Caudata,Cryptobranchidae,Cryptobranchus,,,GENUS,"Cryptobranchus Leuckart, 1821",CRYPTOBRANCHUS ALLEGANIENSIS,,US,FRENCH BROAD RIVER CONFLUENCE NORTH AND WEST FORKS,North Carolina,PRESENT,"1",6ea87510-0561-11d8-b851-b8a03c50a862,35.142698,-82.83872,1328,,,,,,1947/06/29 00:00:00,"29","6","1947","2432030",,PRESERVED_SPECIMEN,UMMZ,herps,"97627",,,,CC_BY_4_0,,J R BAILEY ET AL,,NATIVE,2021/03/30 11:42:37,,"COLLECTION_MATCH_NONE;INSTITUTION_MATCH_FUZZY","43",Transylvania,"175",Recorded survey data is available. Visit North Carolina Geodetic Survey for information. https://ncgs.state.nc.us,https://ncem-gis.maps.arcgis.com/apps/OnePane/basicviewer/index.html?appid=523dc3d6b7424a20afbae7b7c1b99d33,2011/11/29,10600068390.952100753784180,548386.523634038050659
"1987218544",8e479b8f-ac16-4bed-a11a-bc7e27c31663,f228c87b-9a60-463e-9ca3-e46e3520beb1,Animalia,Chordata,Amphibia,Caudata,Cryptobranchidae,Cryptobranchus,,,GENUS,"Cryptobranchus Leuckart, 1821",CRYPTOBRANCHUS ALLEGANIENSIS,,US,N FORK NEW RIVER NR CRUMPLER,North Carolina,PRESENT,"1",6ea87510-0561-11d8-b851-b8a03c50a862,36.505911,-81.391779,3036,,,,,,1961/10/12 00:00:00,"12","10","1961","2432030",,PRESERVED_SPECIMEN,UMMZ,herps,"193667",RLH A-1727,,,CC_BY_4_0,,R L HUMPHRIES & FISH DIV PERSONNEL,,NATIVE,2021/03/30 11:42:37,,"RECORDED_DATE_INVALID;COLLECTION_MATCH_NONE;INSTITUTION_MATCH_FUZZY","99",Ashe,"9",No recent survey data available,,2011/11/29,11939188224.467700958251953,520045.398396803007927
"1987218040",8e479b8f-ac16-4bed-a11a-bc7e27c31663,ee455b08-25fe-491e-9539-d09bf2015057,Animalia,Chordata,Amphibia,Caudata,Cryptobranchidae,Cryptobranchus,,,GENUS,"Cryptobranchus Leuckart, 1821",CRYPTOBRANCHUS ALLEGANIENSIS,,US,FIRES CREEK,North Carolina,PRESENT,"1",6ea87510-0561-11d8-b851-b8a03c50a862,35.106775,-83.819213,7866,,,,,,1960/09/21 00:00:00,"21","9","1960","2432030",,PRESERVED_SPECIMEN,UMMZ,herps,"193727",RLH A-1784,,,CC_BY_4_0,,R L HUMPHRIES,,NATIVE,2021/03/30 11:42:38,,"COLLECTION_MATCH_NONE;INSTITUTION_MATCH_FUZZY","51",Clay,"43",No recent survey data available,,2011/11/29,6153362609.045000076293945,449623.071326926990878
"1987217788",8e479b8f-ac16-4bed-a11a-bc7e27c31663,f16e7d84-78fe-4a16-b435-773eb42bfe99,Animalia,Chordata,Amphibia,Caudata,Cryptobranchidae,Cryptobranchus,,,GENUS,"Cryptobranchus Leuckart, 1821",CRYPTOBRANCHUS ALLEGANIENSIS,,US,N FORK NEW RIVER NR CRUMPLER,North Carolina,PRESENT,"1",6ea87510-0561-11d8-b851-b8a03c50a862,36.505911,-81.391779,3036,,,,,,1961/10/12 00:00:00,"12","10","1961","2432030",,PRESERVED_SPECIMEN,UMMZ,herps,"193693",RLH A-1732,,,CC_BY_4_0,,R L HUMPHRIES,,NATIVE,2021/03/30 11:42:37,,"RECORDED_DATE_INVALID;COLLECTION_MATCH_NONE;INSTITUTION_MATCH_FUZZY","99",Ashe,"9",No recent survey data available,,2011/11/29,11939188224.467700958251953,520045.398396803007927
"1987214331",8e479b8f-ac16-4bed-a11a-bc7e27c31663,e9f5bb0a-fb90-4934-9228-b6447a345a49,Animalia,Chordata,Amphibia,Caudata,Cryptobranchidae,Cryptobranchus,,,GENUS,"Cryptobranchus Leuckart, 1821",CRYPTOBRANCHUS ALLEGANIENSIS,,US,FIRES CREEK,North Carolina,PRESENT,"1",6ea87510-0561-11d8-b851-b8a03c50a862,35.106775,-83.819213,7866,,,,,,1960/09/21 00:00:00,"21","9","1960","2432030",,PRESERVED_SPECIMEN,UMMZ,herps,"193718",RLH A-1759,,,CC_BY_4_0,,R L HUMPHRIES,,NATIVE,2021/03/30 11:42:37,,"COLLECTION_MATCH_NONE;INSTITUTION_MATCH_FUZZY","51",Clay,"43",No recent survey data available,,2011/11/29,6153362609.045000076293945,449623.071326926990878
"1987212987",8e479b8f-ac16-4bed-a11a-bc7e27c31663,eb3bcf62-d819-4649-9020-746493f5a1a9,Animalia,Chordata,Amphibia,Caudata,Cryptobranchidae,Cryptobranchus,,,GENUS,"Cryptobranchus Leuckart, 1821",CRYPTOBRANCHUS ALLEGANIENSIS,,US,FIRES CREEK,North Carolina,PRESENT,"1",6ea87510-0561-11d8-b851-b8a03c50a862,35.106775,-83.819213,7866,,,,,,1960/09/21 00:00:00,"21","9","1960","2432030",,PRESERVED_SPECIMEN,UMMZ,herps,"193716",RLH A-1757,,,CC_BY_4_0,,R L HUMPHRIES,,NATIVE,2021/03/30 11:42:37,,"COLLECTION_MATCH_NONE;INSTITUTION_MATCH_FUZZY","51",Clay,"43",No recent survey data available,,2011/11/29,6153362609.045000076293945,449623.071326926990878
"1987212137",8e479b8f-ac16-4bed-a11a-bc7e27c31663,ea091216-b8a5-4d3b-beb7-b8a16211ea03,Animalia,Chordata,Amphibia,Caudata,Cryptobranchidae,Cryptobranchus,,,GENUS,"Cryptobranchus Leuckart, 1821",CRYPTOBRANCHUS ALLEGANIENSIS,,US,FIRES CREEK,North Carolina,PRESENT,"1",6ea87510-0561-11d8-b851-b8a03c50a862,35.106775,-83.819213,7866,,,,,,1960/09/21 00:00:00,"21","9","1960","2432030",,PRESERVED_SPECIMEN,UMMZ,herps,"193678",RLH A-1774,,,CC_BY_4_0,,R L HUMPHRIES & FISH DIV PERSONNEL,,NATIVE,2021/03/30 11:42:37,,"COLLECTION_MATCH_NONE;INSTITUTION_MATCH_FUZZY","51",Clay,"43",No recent survey data available,,2011/11/29,6153362609.045000076293945,449623.071326926990878
"1987210940",8e479b8f-ac16-4bed-a11a-bc7e27c31663,e867f374-bc47-4cf1-ae7c-866a43043e6e,Animalia,Chordata,Amphibia,Caudata,Cryptobranchidae,Cryptobranchus,,,GENUS,"Cryptobranchus Leuckart, 1821",CRYPTOBRANCHUS ALLEGANIENSIS,,US,FIRES CREEK,North Carolina,PRESENT,"1",6ea87510-0561-11d8-b851-b8a03c50a862,35.106775,-83.819213,7866,,,,,,1960/09/21 00:00:00,"21","9","1960","2432030",,PRESERVED_SPECIMEN,UMMZ,herps,"193674",RLH A-1770,,,CC_BY_4_0,,R L HUMPHRIES & FISH DIV PERSONNEL,,NATIVE,2021/03/30 11:42:38,,"COLLECTION_MATCH_NONE;INSTITUTION_MATCH_FUZZY","51",Clay,"43",No recent survey data available,,2011/11/29,6153362609.045000076293945,449623.071326926990878
"1987209157",8e479b8f-ac16-4bed-a11a-bc7e27c31663,e5eabde9-faf9-4b63-b229-00a4614f3e87,Animalia,Chordata,Amphibia,Caudata,Cryptobranchidae,Cryptobranchus,,,GENUS,"Cryptobranchus Leuckart, 1821",CRYPTOBRANCHUS ALLEGANIENSIS,,US,FRENCH BROAD RIV AT MOUTH OF AVERY CREEK,North Carolina,PRESENT,"1",6ea87510-0561-11d8-b851-b8a03c50a862,35.451601,-82.556612,210,,,,,,1947/08/20 00:00:00,"20","8","1947","2432030",,PRESERVED_SPECIMEN,UMMZ,herps,"97595",,,,CC_BY_4_0,,MORRISON BARBER AND CROSS,,NATIVE,2021/03/30 11:42:37,,"COLLECTION_MATCH_NONE;INSTITUTION_MATCH_FUZZY","61",Buncombe,"21",No recent survey data available,,2011/11/29,18391145429.709999084472656,790738.319015630055219
"1987206685",8e479b8f-ac16-4bed-a11a-bc7e27c31663,e2f45ab2-1e35-4454-b6e4-7c6ab49740f8,Animalia,Chordata,Amphibia,Caudata,Cryptobranchidae,Cryptobranchus,,,GENUS,"Cryptobranchus Leuckart, 1821",CRYPTOBRANCHUS ALLEGANIENSIS,,US,FIRES CREEK,North Carolina,PRESENT,"1",6ea87510-0561-11d8-b851-b8a03c50a862,35.106775,-83.819213,7866,,,,,,1960/09/21 00:00:00,"21","9","1960","2432030",,PRESERVED_SPECIMEN,UMMZ,herps,"193681",RLH A-1779,,,CC_BY_4_0,,R L HUMPHRIES & FISH DIV PERSONNEL,,NATIVE,2021/03/30 11:42:34,,"COLLECTION_MATCH_NONE;INSTITUTION_MATCH_FUZZY","51",Clay,"43",No recent survey data available,,2011/11/29,6153362609.045000076293945,449623.071326926990878
"1987203391",8e479b8f-ac16-4bed-a11a-bc7e27c31663,dc759d84-a241-43bf-9498-0af35e621598,Animalia,Chordata,Amphibia,Caudata,Cryptobranchidae,Cryptobranchus,,,GENUS,"Cryptobranchus Leuckart, 1821",CRYPTOBRANCHUS ALLEGANIENSIS,,US,NR TENNESSEE STATE LINE/RATTLER FORD/SANTEETLAH CREEK,North Carolina,PRESENT,"1",6ea87510-0561-11d8-b851-b8a03c50a862,35.347897,-83.904056,301,,,,,,1962/09/11 00:00:00,"11","9","1962","2432030",,PRESERVED_SPECIMEN,UMMZ,herps,"193685",,,,CC_BY_4_0,,R L HUMPHRIES,,NATIVE,2021/03/30 11:42:37,,"RECORDED_DATE_INVALID;COLLECTION_MATCH_NONE;INSTITUTION_MATCH_FUZZY","57",Graham,"75",No recent survey data available,,2011/11/29,8407157625.797209739685059,476642.886354553978890
"1987198651",8e479b8f-ac16-4bed-a11a-bc7e27c31663,d6571360-1865-43e1-bcdf-73cdf887c64a,Animalia,Chordata,Amphibia,Caudata,Cryptobranchidae,Cryptobranchus,,,GENUS,"Cryptobranchus Leuckart, 1821",CRYPTOBRANCHUS ALLEGANIENSIS,,US,5 MI N W OF SPARTA NEW RIVER,North Carolina,PRESENT,"1",6ea87510-0561-11d8-b851-b8a03c50a862,36.556664,-81.184709,5565,,,,,,1949/07/20 00:00:00,"20","7","1949","2432030",,PRESERVED_SPECIMEN,UMMZ,herps,"101212",,,,CC_BY_4_0,,J R BAILEY ET AL,,NATIVE,2021/03/30 11:42:34,,"COLLECTION_MATCH_NONE;INSTITUTION_MATCH_FUZZY","100",Alleghany,"5",No recent survey data available,,2011/11/29,6576362290.697139739990234,439166.717184656998143
"1987196890",8e479b8f-ac16-4bed-a11a-bc7e27c31663,d450c350-43c7-48c4-9e4d-3549362e9bc2,Animalia,Chordata,Amphibia,Caudata,Cryptobranchidae,Cryptobranchus,,,GENUS,"Cryptobranchus Leuckart, 1821",CRYPTOBRANCHUS ALLEGANIENSIS,,US,FIRES CREEK,North Carolina,PRESENT,"1",6ea87510-0561-11d8-b851-b8a03c50a862,35.106775,-83.819213,7866,,,,,,1960/09/21 00:00:00,"21","9","1960","2432030",,PRESERVED_SPECIMEN,UMMZ,herps,"193683",RLH A-1785,,,CC_BY_4_0,,R L HUMPHRIES & FISH DIV PERSONNEL,,NATIVE,2021/03/30 11:42:38,,"COLLECTION_MATCH_NONE;INSTITUTION_MATCH_FUZZY","51",Clay,"43",No recent survey data available,,2011/11/29,6153362609.045000076293945,449623.071326926990878
"1987195906",8e479b8f-ac16-4bed-a11a-bc7e27c31663,d2c14838-df9e-4709-87de-4d9a136b36da,Animalia,Chordata,Amphibia,Caudata,Cryptobranchidae,Cryptobranchus,,,GENUS,"Cryptobranchus Leuckart, 1821",CRYPTOBRANCHUS ALLEGANIENSIS,,US,SHOOTING CREEK 2 1/2 MI W OF SHOOTING CREEK P O,North Carolina,PRESENT,"2",6ea87510-0561-11d8-b851-b8a03c50a862,35.024863,-83.710759,5218,,,,,,1947/07/29 00:00:00,"29","7","1947","2432030",,PRESERVED_SPECIMEN,UMMZ,herps,"97801",,,,CC_BY_4_0,,J R BAILEY ET AL,,NATIVE,2021/03/30 11:42:35,,"COLLECTION_MATCH_NONE;INSTITUTION_MATCH_FUZZY","51",Clay,"43",No recent survey data available,,2011/11/29,6153362609.045000076293945,449623.071326926990878
"1987194152",8e479b8f-ac16-4bed-a11a-bc7e27c31663,d3500b91-1f93-4377-8070-49dc29dd4ce4,Animalia,Chordata,Amphibia,Caudata,Cryptobranchidae,Cryptobranchus,,,GENUS,"Cryptobranchus Leuckart, 1821",CRYPTOBRANCHUS ALLEGANIENSIS,,US,FIRES CREEK,North Carolina,PRESENT,"1",6ea87510-0561-11d8-b851-b8a03c50a862,35.106775,-83.819213,7866,,,,,,1960/09/21 00:00:00,"21","9","1960","2432030",,PRESERVED_SPECIMEN,UMMZ,herps,"193707",RLH A-1748,,,CC_BY_4_0,,R L HUMPHRIES,,NATIVE,2021/03/30 11:42:34,,"COLLECTION_MATCH_NONE;INSTITUTION_MATCH_FUZZY","51",Clay,"43",No recent survey data available,,2011/11/29,6153362609.045000076293945,449623.071326926990878
"1987188123",8e479b8f-ac16-4bed-a11a-bc7e27c31663,cb9d6ddc-4736-4c6b-96a3-42e18f09f94d,Animalia,Chordata,Amphibia,Caudata,Cryptobranchidae,Cryptobranchus,,,GENUS,"Cryptobranchus Leuckart, 1821",CRYPTOBRANCHUS ALLEGANIENSIS,,US,FIRES CREEK,North Carolina,PRESENT,"1",6ea87510-0561-11d8-b851-b8a03c50a862,35.106775,-83.819213,7866,,,,,,1960/09/21 00:00:00,"21","9","1960","2432030",,PRESERVED_SPECIMEN,UMMZ,herps,"193723",RLH A-1775,,,CC_BY_4_0,,R L HUMPHRIES,,NATIVE,2021/03/30 11:42:35,,"COLLECTION_MATCH_NONE;INSTITUTION_MATCH_FUZZY","51",Clay,"43",No recent survey data available,,2011/11/29,6153362609.045000076293945,449623.071326926990878
"1987187643",8e479b8f-ac16-4bed-a11a-bc7e27c31663,cb3ded59-fa3a-41f8-9224-ddf2768a5cc1,Animalia,Chordata,Amphibia,Caudata,Cryptobranchidae,Cryptobranchus,,,GENUS,"Cryptobranchus Leuckart, 1821",CRYPTOBRANCHUS ALLEGANIENSIS,,US,FIRES CREEK,North Carolina,PRESENT,"1",6ea87510-0561-11d8-b851-b8a03c50a862,35.106775,-83.819213,7866,,,,,,1960/09/21 00:00:00,"21","9","1960","2432030",,PRESERVED_SPECIMEN,UMMZ,herps,"193713",RLH A-1753,,,CC_BY_4_0,,R L HUMPHRIES,,NATIVE,2021/03/30 11:42:34,,"COLLECTION_MATCH_NONE;INSTITUTION_MATCH_FUZZY","51",Clay,"43",No recent survey data available,,2011/11/29,6153362609.045000076293945,449623.071326926990878
"1987184613",8e479b8f-ac16-4bed-a11a-bc7e27c31663,c7027562-9013-4699-89ca-b5cfabb5f56c,Animalia,Chordata,Amphibia,Caudata,Cryptobranchidae,Cryptobranchus,,,GENUS,"Cryptobranchus Leuckart, 1821",CRYPTOBRANCHUS ALLEGANIENSIS,,US,FIRES CREEK,North Carolina,PRESENT,"1",6ea87510-0561-11d8-b851-b8a03c50a862,35.106775,-83.819213,7866,,,,,,1960/09/21 00:00:00,"21","9","1960","2432030",,PRESERVED_SPECIMEN,UMMZ,herps,"193720",RLH A-1762,,,CC_BY_4_0,,R L HUMPHRIES,,NATIVE,2021/03/30 11:42:37,,"COLLECTION_MATCH_NONE;INSTITUTION_MATCH_FUZZY","51",Clay,"43",No recent survey data available,,2011/11/29,6153362609.045000076293945,449623.071326926990878
"1987171143",8e479b8f-ac16-4bed-a11a-bc7e27c31663,b5fb88c6-f3ac-43ab-8bf6-1b77a2506e40,Animalia,Chordata,Amphibia,Caudata,Cryptobranchidae,Cryptobranchus,,,GENUS,"Cryptobranchus Leuckart, 1821",CRYPTOBRANCHUS ALLEGANIENSIS,,US,N FORK NEW RIVER NR CRUMPLER,North Carolina,PRESENT,"1",6ea87510-0561-11d8-b851-b8a03c50a862,36.505911,-81.391779,3036,,,,,,1961/10/12 00:00:00,"12","10","1961","2432030",,PRESERVED_SPECIMEN,UMMZ,herps,"193694",RLH A-1733,,,CC_BY_4_0,,R L HUMPHRIES,,NATIVE,2021/03/30 11:42:38,,"RECORDED_DATE_INVALID;COLLECTION_MATCH_NONE;INSTITUTION_MATCH_FUZZY","99",Ashe,"9",No recent survey data available,,2011/11/29,11939188224.467700958251953,520045.398396803007927
"1987169269",8e479b8f-ac16-4bed-a11a-bc7e27c31663,b423c87f-3a33-4b9d-9598-a00e9d5b0097,Animalia,Chordata,Amphibia,Caudata,Cryptobranchidae,Cryptobranchus,,,GENUS,"Cryptobranchus Leuckart, 1821",CRYPTOBRANCHUS ALLEGANIENSIS,,US,FIRES CREEK,North Carolina,PRESENT,"1",6ea87510-0561-11d8-b851-b8a03c50a862,35.106775,-83.819213,7866,,,,,,1960/09/21 00:00:00,"21","9","1960","2432030",,PRESERVED_SPECIMEN,UMMZ,herps,"193708",RLH A-1749,,,CC_BY_4_0,,R L HUMPHRIES,,NATIVE,2021/03/30 11:42:34,,"COLLECTION_MATCH_NONE;INSTITUTION_MATCH_FUZZY","51",Clay,"43",No recent survey data available,,2011/11/29,6153362609.045000076293945,449623.071326926990878
"1987168034",8e479b8f-ac16-4bed-a11a-bc7e27c31663,b24ff610-f1f5-4f59-94a1-df0b19dcb178,Animalia,Chordata,Amphibia,Caudata,Cryptobranchidae,Cryptobranchus,,,GENUS,"Cryptobranchus Leuckart, 1821",CRYPTOBRANCHUS ALLEGANIENSIS,,US,FIRES CREEK,North Carolina,PRESENT,"1",6ea87510-0561-11d8-b851-b8a03c50a862,35.106775,-83.819213,7866,,,,,,1960/09/21 00:00:00,"21","9","1960","2432030",,PRESERVED_SPECIMEN,UMMZ,herps,"193706",RLH A-1747,,,CC_BY_4_0,,R L HUMPHRIES,,NATIVE,2021/03/30 11:42:37,,"COLLECTION_MATCH_NONE;INSTITUTION_MATCH_FUZZY","51",Clay,"43",No recent survey data available,,2011/11/29,6153362609.045000076293945,449623.071326926990878
"1987167839",8e479b8f-ac16-4bed-a11a-bc7e27c31663,aff0f284-20d0-4441-9f35-d11ed8f74b7c,Animalia,Chordata,Amphibia,Caudata,Cryptobranchidae,Cryptobranchus,,,GENUS,"Cryptobranchus Leuckart, 1821",CRYPTOBRANCHUS ALLEGANIENSIS,,US,FIRES CREEK,North Carolina,PRESENT,"1",6ea87510-0561-11d8-b851-b8a03c50a862,35.106775,-83.819213,7866,,,,,,1960/09/21 00:00:00,"21","9","1960","2432030",,PRESERVED_SPECIMEN,UMMZ,herps,"193717",RLH A-1758,,,CC_BY_4_0,,R L HUMPHRIES,,NATIVE,2021/03/30 11:42:38,,"COLLECTION_MATCH_NONE;INSTITUTION_MATCH_FUZZY","51",Clay,"43",No recent survey data available,,2011/11/29,6153362609.045000076293945,449623.071326926990878
"1987166801",8e479b8f-ac16-4bed-a11a-bc7e27c31663,b0d60cc4-1512-47f8-b5eb-e44df54c81d6,Animalia,Chordata,Amphibia,Caudata,Cryptobranchidae,Cryptobranchus,,,GENUS,"Cryptobranchus Leuckart, 1821",CRYPTOBRANCHUS ALLEGANIENSIS,,US,5 MI N W OF SPARTA NEW RIVER,North Carolina,PRESENT,"1",6ea87510-0561-11d8-b851-b8a03c50a862,36.556664,-81.184709,5565,,,,,,1949/07/20 00:00:00,"20","7","1949","2432030",,PRESERVED_SPECIMEN,UMMZ,herps,"101214",,,,CC_BY_4_0,,J R BAILEY ET AL,,NATIVE,2021/03/30 11:42:37,,"COLLECTION_MATCH_NONE;INSTITUTION_MATCH_FUZZY","100",Alleghany,"5",No recent survey data available,,2011/11/29,6576362290.697139739990234,439166.717184656998143
"1987164940",8e479b8f-ac16-4bed-a11a-bc7e27c31663,aeccacfc-1c57-4429-90c4-e0ba036efcff,Animalia,Chordata,Amphibia,Caudata,Cryptobranchidae,Cryptobranchus,,,GENUS,"Cryptobranchus Leuckart, 1821",CRYPTOBRANCHUS ALLEGANIENSIS,,US,5 MI N W OF SPARTA NEW RIVER,North Carolina,PRESENT,"1",6ea87510-0561-11d8-b851-b8a03c50a862,36.556664,-81.184709,5565,,,,,,1949/07/20 00:00:00,"20","7","1949","2432030",,PRESERVED_SPECIMEN,UMMZ,herps,"101211",,,,CC_BY_4_0,,J R BAILEY ET AL,,NATIVE,2021/03/30 11:42:38,,"COLLECTION_MATCH_NONE;INSTITUTION_MATCH_FUZZY","100",Alleghany,"5",No recent survey data available,,2011/11/29,6576362290.697139739990234,439166.717184656998143
"1987163650",8e479b8f-ac16-4bed-a11a-bc7e27c31663,ad1e0220-9d6a-4676-835e-382ca6b3876d,Animalia,Chordata,Amphibia,Caudata,Cryptobranchidae,Cryptobranchus,,,GENUS,"Cryptobranchus Leuckart, 1821",CRYPTOBRANCHUS ALLEGANIENSIS,,US,FIRES CREEK,North Carolina,PRESENT,"1",6ea87510-0561-11d8-b851-b8a03c50a862,35.106775,-83.819213,7866,,,,,,1960/09/21 00:00:00,"21","9","1960","2432030",,PRESERVED_SPECIMEN,UMMZ,herps,"193705",RLH A-1746,,,CC_BY_4_0,,R L HUMPHRIES,,NATIVE,2021/03/30 11:42:37,,"COLLECTION_MATCH_NONE;INSTITUTION_MATCH_FUZZY","51",Clay,"43",No recent survey data available,,2011/11/29,6153362609.045000076293945,449623.071326926990878
"1987158936",8e479b8f-ac16-4bed-a11a-bc7e27c31663,a7040728-054f-4408-a6bd-91e36197741d,Animalia,Chordata,Amphibia,Caudata,Cryptobranchidae,Cryptobranchus,,,GENUS,"Cryptobranchus Leuckart, 1821",CRYPTOBRANCHUS ALLEGANIENSIS,,US,FIRES CREEK,North Carolina,PRESENT,"1",6ea87510-0561-11d8-b851-b8a03c50a862,35.106775,-83.819213,7866,,,,,,1960/09/21 00:00:00,"21","9","1960","2432030",,PRESERVED_SPECIMEN,UMMZ,herps,"193701",RLH A-1742,,,CC_BY_4_0,,R L HUMPHRIES,,NATIVE,2021/03/30 11:42:37,,"COLLECTION_MATCH_NONE;INSTITUTION_MATCH_FUZZY","51",Clay,"43",No recent survey data available,,2011/11/29,6153362609.045000076293945,449623.071326926990878
"1987157847",8e479b8f-ac16-4bed-a11a-bc7e27c31663,a5d990c7-46f8-49ff-97e0-19864051eef6,Animalia,Chordata,Amphibia,Caudata,Cryptobranchidae,Cryptobranchus,,,GENUS,"Cryptobranchus Leuckart, 1821",CRYPTOBRANCHUS ALLEGANIENSIS,,US,5 MI N W OF SPARTA NEW RIVER,North Carolina,PRESENT,"1",6ea87510-0561-11d8-b851-b8a03c50a862,36.556664,-81.184709,5565,,,,,,1949/07/20 00:00:00,"20","7","1949","2432030",,PRESERVED_SPECIMEN,UMMZ,herps,"101213",,,,CC_BY_4_0,,J R BAILEY ET AL,,NATIVE,2021/03/30 11:42:37,,"COLLECTION_MATCH_NONE;INSTITUTION_MATCH_FUZZY","100",Alleghany,"5",No recent survey data available,,2011/11/29,6576362290.697139739990234,439166.717184656998143
"1987156201",8e479b8f-ac16-4bed-a11a-bc7e27c31663,a416c0ce-0822-42fa-92ad-a322a9cd17cb,Animalia,Chordata,Amphibia,Caudata,Cryptobranchidae,Cryptobranchus,,,GENUS,"Cryptobranchus Leuckart, 1821",CRYPTOBRANCHUS ALLEGANIENSIS,,US,FIRES CREEK,North Carolina,PRESENT,"1",6ea87510-0561-11d8-b851-b8a03c50a862,35.106775,-83.819213,7866,,,,,,1960/09/21 00:00:00,"21","9","1960","2432030",,PRESERVED_SPECIMEN,UMMZ,herps,"193703",RLH A-1744,,,CC_BY_4_0,,R L HUMPHRIES,,NATIVE,2021/03/30 11:42:34,,"COLLECTION_MATCH_NONE;INSTITUTION_MATCH_FUZZY","51",Clay,"43",No recent survey data available,,2011/11/29,6153362609.045000076293945,449623.071326926990878
"1987155814",8e479b8f-ac16-4bed-a11a-bc7e27c31663,a3476391-5e5e-4725-921c-d20e5c2ba81e,Animalia,Chordata,Amphibia,Caudata,Cryptobranchidae,Cryptobranchus,,,GENUS,"Cryptobranchus Leuckart, 1821",CRYPTOBRANCHUS ALLEGANIENSIS,,US,FIRES CREEK,North Carolina,PRESENT,"1",6ea87510-0561-11d8-b851-b8a03c50a862,35.106775,-83.819213,7866,,,,,,1960/09/21 00:00:00,"21","9","1960","2432030",,PRESERVED_SPECIMEN,UMMZ,herps,"193728",RLH A-1787,,,CC_BY_4_0,,R L HUMPHRIES,,NATIVE,2021/03/30 11:42:37,,"COLLECTION_MATCH_NONE;INSTITUTION_MATCH_FUZZY","51",Clay,"43",No recent survey data available,,2011/11/29,6153362609.045000076293945,449623.071326926990878
"1987153205",8e479b8f-ac16-4bed-a11a-bc7e27c31663,a033156c-93cc-4ffb-898e-28be538112d5,Animalia,Chordata,Amphibia,Caudata,Cryptobranchidae,Cryptobranchus,,,GENUS,"Cryptobranchus Leuckart, 1821",CRYPTOBRANCHUS ALLEGANIENSIS,,US,FIRES CREEK,North Carolina,PRESENT,"1",6ea87510-0561-11d8-b851-b8a03c50a862,35.106775,-83.819213,7866,,,,,,1960/09/21 00:00:00,"21","9","1960","2432030",,PRESERVED_SPECIMEN,UMMZ,herps,"193719",RLH A-1760,,,CC_BY_4_0,,R L HUMPHRIES,,NATIVE,2021/03/30 11:42:34,,"COLLECTION_MATCH_NONE;INSTITUTION_MATCH_FUZZY","51",Clay,"43",No recent survey data available,,2011/11/29,6153362609.045000076293945,449623.071326926990878
"1987152087",8e479b8f-ac16-4bed-a11a-bc7e27c31663,9f0df9fd-1847-4f9e-976e-e4dcd5e798a6,Animalia,Chordata,Amphibia,Caudata,Cryptobranchidae,Cryptobranchus,,,GENUS,"Cryptobranchus Leuckart, 1821",CRYPTOBRANCHUS ALLEGANIENSIS,,US,N FORK NEW RIVER NR CRUMPLER,North Carolina,PRESENT,"1",6ea87510-0561-11d8-b851-b8a03c50a862,36.505911,-81.391779,3036,,,,,,1961/10/12 00:00:00,"12","10","1961","2432030",,PRESERVED_SPECIMEN,UMMZ,herps,"193669",RLH A-1737,,,CC_BY_4_0,,R L HUMPHRIES & FISH DIV PERSONNEL,,NATIVE,2021/03/30 11:42:37,,"RECORDED_DATE_INVALID;COLLECTION_MATCH_NONE;INSTITUTION_MATCH_FUZZY","99",Ashe,"9",No recent survey data available,,2011/11/29,11939188224.467700958251953,520045.398396803007927
"1987150604",8e479b8f-ac16-4bed-a11a-bc7e27c31663,9cfb7b0e-63ef-4ca7-b3e5-06eaba72be69,Animalia,Chordata,Amphibia,Caudata,Cryptobranchidae,Cryptobranchus,,,GENUS,"Cryptobranchus Leuckart, 1821",CRYPTOBRANCHUS ALLEGANIENSIS,,US,EAST FORK TUCKASEEGEE RIVER 3.5 MI ABOVE JUNCTION OF WEST FORK,North Carolina,PRESENT,"1",6ea87510-0561-11d8-b851-b8a03c50a862,35.29689,-83.145708,4793,,,,,,1947/08/20 00:00:00,"20","8","1947","2432030",,PRESERVED_SPECIMEN,UMMZ,herps,"110288",A201,,,CC_BY_4_0,,J R BAILEY,,NATIVE,2021/03/30 11:42:34,,"COLLECTION_MATCH_NONE;INSTITUTION_MATCH_FUZZY","42",Jackson,"99",Recorded survey data is available. Visit North Carolina Geodetic Survey for information. https://ncgs.state.nc.us,https://ncem-gis.maps.arcgis.com/apps/OnePane/basicviewer/index.html?appid=523dc3d6b7424a20afbae7b7c1b99d33,2011/11/29,13792706419.140399932861328,648549.224958927952684
"1987148622",8e479b8f-ac16-4bed-a11a-bc7e27c31663,9a5ee562-e926-4d75-8ce1-24243b596b0a,Animalia,Chordata,Amphibia,Caudata,Cryptobranchidae,Cryptobranchus,,,GENUS,"Cryptobranchus Leuckart, 1821",CRYPTOBRANCHUS ALLEGANIENSIS,,US,N FORK NEW RIVER NR CRUMPLER,North Carolina,PRESENT,"1",6ea87510-0561-11d8-b851-b8a03c50a862,36.505911,-81.391779,3036,,,,,,1961/10/12 00:00:00,"12","10","1961","2432030",,PRESERVED_SPECIMEN,UMMZ,herps,"193691",RLH A-1729,,,CC_BY_4_0,,R L HUMPHRIES,,NATIVE,2021/03/30 11:42:37,,"RECORDED_DATE_INVALID;COLLECTION_MATCH_NONE;INSTITUTION_MATCH_FUZZY","99",Ashe,"9",No recent survey data available,,2011/11/29,11939188224.467700958251953,520045.398396803007927
"1987146641",8e479b8f-ac16-4bed-a11a-bc7e27c31663,9416c4b5-2949-418e-adc5-e2ebcf12a1ea,Animalia,Chordata,Amphibia,Caudata,Cryptobranchidae,Cryptobranchus,,,GENUS,"Cryptobranchus Leuckart, 1821",CRYPTOBRANCHUS ALLEGANIENSIS,,US,TEYAHALEE BALD,North Carolina,PRESENT,"1",6ea87510-0561-11d8-b851-b8a03c50a862,35.257589,-83.795455,1807,,,,,,1936/08/13 00:00:00,"13","8","1936","2432030",,PRESERVED_SPECIMEN,UMMZ,herps,"81025","75",,,CC_BY_4_0,,JOSEPH BAILEY,,NATIVE,2021/03/30 11:42:37,,"COLLECTION_MATCH_NONE;INSTITUTION_MATCH_FUZZY","57",Graham,"75",No recent survey data available,,2011/11/29,8407157625.797209739685059,476642.886354553978890
"1987145318",8e479b8f-ac16-4bed-a11a-bc7e27c31663,9634edf9-a37f-4487-9c9c-d87ff5b47a5b,Animalia,Chordata,Amphibia,Caudata,Cryptobranchidae,Cryptobranchus,,,GENUS,"Cryptobranchus Leuckart, 1821",CRYPTOBRANCHUS ALLEGANIENSIS,,US,FRENCH BROAD RIVER BACK SHOALS 2020 FT,North Carolina,PRESENT,"3",6ea87510-0561-11d8-b851-b8a03c50a862,35.4368,-82.5569,,,,,,,1947/07/08 00:00:00,"8","7","1947","2432030",,PRESERVED_SPECIMEN,UMMZ,herps,"97629",,,,CC_BY_4_0,,J R BAILEY ET AL,,NATIVE,2021/03/30 11:42:37,,"GEODETIC_DATUM_ASSUMED_WGS84;RECORDED_DATE_INVALID;COLLECTION_MATCH_NONE;INSTITUTION_MATCH_FUZZY","52",Henderson,"89",Recorded survey data is available. Visit North Carolina Geodetic Survey for information. https://ncgs.state.nc.us,https://ncem-gis.maps.arcgis.com/apps/OnePane/basicviewer/index.html?appid=523dc3d6b7424a20afbae7b7c1b99d33,2011/11/29,10457322037.599199295043945,599031.945567935006693
"1987138176",8e479b8f-ac16-4bed-a11a-bc7e27c31663,8d6a8652-0149-4b8f-bae4-f84583f79a9d,Animalia,Chordata,Amphibia,Caudata,Cryptobranchidae,Cryptobranchus,,,GENUS,"Cryptobranchus Leuckart, 1821",CRYPTOBRANCHUS ALLEGANIENSIS,,US,FIRES CREEK,North Carolina,PRESENT,"1",6ea87510-0561-11d8-b851-b8a03c50a862,35.106775,-83.819213,7866,,,,,,1960/09/21 00:00:00,"21","9","1960","2432030",,PRESERVED_SPECIMEN,UMMZ,herps,"193676",RLH A-1772,,,CC_BY_4_0,,R L HUMPHRIES & FISH DIV PERSONNEL,,NATIVE,2021/03/30 11:42:33,,"COLLECTION_MATCH_NONE;INSTITUTION_MATCH_FUZZY","51",Clay,"43",No recent survey data available,,2011/11/29,6153362609.045000076293945,449623.071326926990878
"1987131565",8e479b8f-ac16-4bed-a11a-bc7e27c31663,855cec24-43cd-4261-ad9f-88552944998e,Animalia,Chordata,Amphibia,Caudata,Cryptobranchidae,Cryptobranchus,,,GENUS,"Cryptobranchus Leuckart, 1821",CRYPTOBRANCHUS ALLEGANIENSIS,,US,FIRES CREEK,North Carolina,PRESENT,"1",6ea87510-0561-11d8-b851-b8a03c50a862,35.106775,-83.819213,7866,,,,,,1960/09/21 00:00:00,"21","9","1960","2432030",,PRESERVED_SPECIMEN,UMMZ,herps,"193682",RLH A-1783,,,CC_BY_4_0,,R L HUMPHRIES & FISH DIV PERSONNEL,,NATIVE,2021/03/30 11:42:37,,"COLLECTION_MATCH_NONE;INSTITUTION_MATCH_FUZZY","51",Clay,"43",No recent survey data available,,2011/11/29,6153362609.045000076293945,449623.071326926990878
"1987127229",8e479b8f-ac16-4bed-a11a-bc7e27c31663,7d040827-a6e1-4efc-9e3e-9fc01d755aae,Animalia,Chordata,Amphibia,Caudata,Cryptobranchidae,Cryptobranchus,,,GENUS,"Cryptobranchus Leuckart, 1821",CRYPTOBRANCHUS ALLEGANIENSIS,,US,FIRES CREEK,North Carolina,PRESENT,"1",6ea87510-0561-11d8-b851-b8a03c50a862,35.106775,-83.819213,7866,,,,,,1960/09/21 00:00:00,"21","9","1960","2432030",,PRESERVED_SPECIMEN,UMMZ,herps,"193730",,,,CC_BY_4_0,,R L HUMPHRIES,,NATIVE,2021/03/30 11:42:37,,"COLLECTION_MATCH_NONE;INSTITUTION_MATCH_FUZZY","51",Clay,"43",No recent survey data available,,2011/11/29,6153362609.045000076293945,449623.071326926990878
"1987125148",8e479b8f-ac16-4bed-a11a-bc7e27c31663,7cc80a08-f030-4b2f-be29-34836b843d4a,Animalia,Chordata,Amphibia,Caudata,Cryptobranchidae,Cryptobranchus,,,GENUS,"Cryptobranchus Leuckart, 1821",CRYPTOBRANCHUS ALLEGANIENSIS,,US,FIRES CREEK,North Carolina,PRESENT,"1",6ea87510-0561-11d8-b851-b8a03c50a862,35.106775,-83.819213,7866,,,,,,1960/09/21 00:00:00,"21","9","1960","2432030",,PRESERVED_SPECIMEN,UMMZ,herps,"193721",RLH A-1764,,,CC_BY_4_0,,R L HUMPHRIES,,NATIVE,2021/03/30 11:42:33,,"COLLECTION_MATCH_NONE;INSTITUTION_MATCH_FUZZY","51",Clay,"43",No recent survey data available,,2011/11/29,6153362609.045000076293945,449623.071326926990878
"1987122112",8e479b8f-ac16-4bed-a11a-bc7e27c31663,7929ee3c-15e1-4f15-a114-c47e0ac45e4c,Animalia,Chordata,Amphibia,Caudata,Cryptobranchidae,Cryptobranchus,,,GENUS,"Cryptobranchus Leuckart, 1821",CRYPTOBRANCHUS ALLEGANIENSIS,,US,N FORK NEW RIVER NR CRUMPLER,North Carolina,PRESENT,"1",6ea87510-0561-11d8-b851-b8a03c50a862,36.505911,-81.391779,3036,,,,,,1961/10/12 00:00:00,"12","10","1961","2432030",,PRESERVED_SPECIMEN,UMMZ,herps,"193689",RLH A-1726,,,CC_BY_4_0,,R L HUMPHRIES,,NATIVE,2021/03/30 11:42:33,,"RECORDED_DATE_INVALID;COLLECTION_MATCH_NONE;INSTITUTION_MATCH_FUZZY","99",Ashe,"9",No recent survey data available,,2011/11/29,11939188224.467700958251953,520045.398396803007927
"1987121336",8e479b8f-ac16-4bed-a11a-bc7e27c31663,783b6787-0056-4f86-bbaa-8722e7aa1d5b,Animalia,Chordata,Amphibia,Caudata,Cryptobranchidae,Cryptobranchus,,,GENUS,"Cryptobranchus Leuckart, 1821",CRYPTOBRANCHUS ALLEGANIENSIS,,US,FIRES CREEK,North Carolina,PRESENT,"1",6ea87510-0561-11d8-b851-b8a03c50a862,35.106775,-83.819213,7866,,,,,,1960/09/21 00:00:00,"21","9","1960","2432030",,PRESERVED_SPECIMEN,UMMZ,herps,"193677",RLH A-1773,,,CC_BY_4_0,,R L HUMPHRIES & FISH DIV PERSONNEL,,NATIVE,2021/03/30 11:42:33,,"COLLECTION_MATCH_NONE;INSTITUTION_MATCH_FUZZY","51",Clay,"43",No recent survey data available,,2011/11/29,6153362609.045000076293945,449623.071326926990878
"1987118251",8e479b8f-ac16-4bed-a11a-bc7e27c31663,744a8b70-56e9-4af6-b1c6-678cd64a1fe8,Animalia,Chordata,Amphibia,Caudata,Cryptobranchidae,Cryptobranchus,,,GENUS,"Cryptobranchus Leuckart, 1821",CRYPTOBRANCHUS ALLEGANIENSIS,,US,FIRES CREEK,North Carolina,PRESENT,"1",6ea87510-0561-11d8-b851-b8a03c50a862,35.106775,-83.819213,7866,,,,,,1960/09/21 00:00:00,"21","9","1960","2432030",,PRESERVED_SPECIMEN,UMMZ,herps,"193672",RLH A-1768,,,CC_BY_4_0,,R L HUMPHRIES & FISH DIV PERSONNEL,,NATIVE,2021/03/30 11:42:33,,"COLLECTION_MATCH_NONE;INSTITUTION_MATCH_FUZZY","51",Clay,"43",No recent survey data available,,2011/11/29,6153362609.045000076293945,449623.071326926990878
"1987118120",8e479b8f-ac16-4bed-a11a-bc7e27c31663,71ab35ae-38e5-4d10-bc1c-94df1c407895,Animalia,Chordata,Amphibia,Caudata,Cryptobranchidae,Cryptobranchus,,,GENUS,"Cryptobranchus Leuckart, 1821",CRYPTOBRANCHUS ALLEGANIENSIS,,US,FIRES CREEK,North Carolina,PRESENT,"1",6ea87510-0561-11d8-b851-b8a03c50a862,35.106775,-83.819213,7866,,,,,,1960/09/21 00:00:00,"21","9","1960","2432030",,PRESERVED_SPECIMEN,UMMZ,herps,"193675",RLH A-1771,,,CC_BY_4_0,,R L HUMPHRIES & FISH DIV PERSONNEL,,NATIVE,2021/03/30 11:42:36,,"COLLECTION_MATCH_NONE;INSTITUTION_MATCH_FUZZY","51",Clay,"43",No recent survey data available,,2011/11/29,6153362609.045000076293945,449623.071326926990878
"1987114722",8e479b8f-ac16-4bed-a11a-bc7e27c31663,6f7dcf08-5e73-4542-96d5-daf5467511d9,Animalia,Chordata,Amphibia,Caudata,Cryptobranchidae,Cryptobranchus,,,GENUS,"Cryptobranchus Leuckart, 1821",CRYPTOBRANCHUS ALLEGANIENSIS,,US,FIRES CREEK,North Carolina,PRESENT,"1",6ea87510-0561-11d8-b851-b8a03c50a862,35.106775,-83.819213,7866,,,,,,1960/09/21 00:00:00,"21","9","1960","2432030",,PRESERVED_SPECIMEN,UMMZ,herps,"193684",RLH A-1786,,,CC_BY_4_0,,R L HUMPHRIES & FISH DIV PERSONNEL,,NATIVE,2021/03/30 11:42:37,,"COLLECTION_MATCH_NONE;INSTITUTION_MATCH_FUZZY","51",Clay,"43",No recent survey data available,,2011/11/29,6153362609.045000076293945,449623.071326926990878
"1987112004",8e479b8f-ac16-4bed-a11a-bc7e27c31663,68c1115a-b66a-4052-b794-4c7be99545d9,Animalia,Chordata,Amphibia,Caudata,Cryptobranchidae,Cryptobranchus,,,GENUS,"Cryptobranchus Leuckart, 1821",CRYPTOBRANCHUS ALLEGANIENSIS,,US,N FORK NEW RIVER NR CRUMPLER,North Carolina,PRESENT,"1",6ea87510-0561-11d8-b851-b8a03c50a862,36.505911,-81.391779,3036,,,,,,1961/10/12 00:00:00,"12","10","1961","2432030",,PRESERVED_SPECIMEN,UMMZ,herps,"193668",RLH A-1736,,,CC_BY_4_0,,R L HUMPHRIES & FISH DIV PERSONNEL,,NATIVE,2021/03/30 11:42:33,,"RECORDED_DATE_INVALID;COLLECTION_MATCH_NONE;INSTITUTION_MATCH_FUZZY","99",Ashe,"9",No recent survey data available,,2011/11/29,11939188224.467700958251953,520045.398396803007927
"1987108896",8e479b8f-ac16-4bed-a11a-bc7e27c31663,68e13eb6-79f5-4b3c-a315-fb81eeb711e8,Animalia,Chordata,Amphibia,Caudata,Cryptobranchidae,Cryptobranchus,,,GENUS,"Cryptobranchus Leuckart, 1821",CRYPTOBRANCHUS ALLEGANIENSIS,,US,N FORK NEW RIVER NR CRUMPLER,North Carolina,PRESENT,"1",6ea87510-0561-11d8-b851-b8a03c50a862,36.505911,-81.391779,3036,,,,,,1961/10/12 00:00:00,"12","10","1961","2432030",,PRESERVED_SPECIMEN,UMMZ,herps,"193692",RLH A-1731,,,CC_BY_4_0,,R L HUMPHRIES,,NATIVE,2021/03/30 11:42:36,,"RECORDED_DATE_INVALID;COLLECTION_MATCH_NONE;INSTITUTION_MATCH_FUZZY","99",Ashe,"9",No recent survey data available,,2011/11/29,11939188224.467700958251953,520045.398396803007927
"1987108521",8e479b8f-ac16-4bed-a11a-bc7e27c31663,65031d0a-6897-432f-a0f4-40bfc85bb7b3,Animalia,Chordata,Amphibia,Caudata,Cryptobranchidae,Cryptobranchus,,,GENUS,"Cryptobranchus Leuckart, 1821",CRYPTOBRANCHUS ALLEGANIENSIS,,US,FIRES CREEK,North Carolina,PRESENT,"1",6ea87510-0561-11d8-b851-b8a03c50a862,35.106775,-83.819213,7866,,,,,,1960/09/21 00:00:00,"21","9","1960","2432030",,PRESERVED_SPECIMEN,UMMZ,herps,"193679",RLH A-1777,,,CC_BY_4_0,,R L HUMPHRIES & FISH DIV PERSONNEL,,NATIVE,2021/03/30 11:42:36,,"COLLECTION_MATCH_NONE;INSTITUTION_MATCH_FUZZY","51",Clay,"43",No recent survey data available,,2011/11/29,6153362609.045000076293945,449623.071326926990878
"1987100684",8e479b8f-ac16-4bed-a11a-bc7e27c31663,5e56b0be-76a2-42be-9818-6910a9c3c3ed,Animalia,Chordata,Amphibia,Caudata,Cryptobranchidae,Cryptobranchus,,,GENUS,"Cryptobranchus Leuckart, 1821",CRYPTOBRANCHUS ALLEGANIENSIS,,US,FIRES CREEK,North Carolina,PRESENT,"1",6ea87510-0561-11d8-b851-b8a03c50a862,35.106775,-83.819213,7866,,,,,,1960/09/21 00:00:00,"21","9","1960","2432030",,PRESERVED_SPECIMEN,UMMZ,herps,"193714",RLH A-1754,,,CC_BY_4_0,,R L HUMPHRIES,,NATIVE,2021/03/30 11:42:37,,"COLLECTION_MATCH_NONE;INSTITUTION_MATCH_FUZZY","51",Clay,"43",No recent survey data available,,2011/11/29,6153362609.045000076293945,449623.071326926990878
"1987100523",8e479b8f-ac16-4bed-a11a-bc7e27c31663,5aa7d11d-293a-4624-974e-cf59ef919b46,Animalia,Chordata,Amphibia,Caudata,Cryptobranchidae,Cryptobranchus,,,GENUS,"Cryptobranchus Leuckart, 1821",CRYPTOBRANCHUS ALLEGANIENSIS,,US,NR TENNESSEE STATE LINE/RATTLER FORD/SANTEETLAH CREEK,North Carolina,PRESENT,"1",6ea87510-0561-11d8-b851-b8a03c50a862,35.347897,-83.904056,301,,,,,,1962/09/11 00:00:00,"11","9","1962","2432030",,PRESERVED_SPECIMEN,UMMZ,herps,"193687",,,,CC_BY_4_0,,R L HUMPHRIES,,NATIVE,2021/03/30 11:42:33,,"RECORDED_DATE_INVALID;COLLECTION_MATCH_NONE;INSTITUTION_MATCH_FUZZY","57",Graham,"75",No recent survey data available,,2011/11/29,8407157625.797209739685059,476642.886354553978890
"1987100246",8e479b8f-ac16-4bed-a11a-bc7e27c31663,5de22607-3c63-4f34-b46a-21662ea95371,Animalia,Chordata,Amphibia,Caudata,Cryptobranchidae,Cryptobranchus,,,GENUS,"Cryptobranchus Leuckart, 1821",CRYPTOBRANCHUS ALLEGANIENSIS,,US,FIRES CREEK,North Carolina,PRESENT,"1",6ea87510-0561-11d8-b851-b8a03c50a862,35.106775,-83.819213,7866,,,,,,1960/09/21 00:00:00,"21","9","1960","2432030",,PRESERVED_SPECIMEN,UMMZ,herps,"193724",RLH A-1776,,,CC_BY_4_0,,R L HUMPHRIES,,NATIVE,2021/03/30 11:42:33,,"COLLECTION_MATCH_NONE;INSTITUTION_MATCH_FUZZY","51",Clay,"43",No recent survey data available,,2011/11/29,6153362609.045000076293945,449623.071326926990878
"1987094534",8e479b8f-ac16-4bed-a11a-bc7e27c31663,5680bcdc-ca91-4260-9a65-6340bd37d11a,Animalia,Chordata,Amphibia,Caudata,Cryptobranchidae,Cryptobranchus,,,GENUS,"Cryptobranchus Leuckart, 1821",CRYPTOBRANCHUS ALLEGANIENSIS,,US,FIRES CREEK,North Carolina,PRESENT,"1",6ea87510-0561-11d8-b851-b8a03c50a862,35.106775,-83.819213,7866,,,,,,1960/09/21 00:00:00,"21","9","1960","2432030",,PRESERVED_SPECIMEN,UMMZ,herps,"193670",RLH A-1765,,,CC_BY_4_0,,R L HUMPHRIES & FISH DIV PERSONNEL,,NATIVE,2021/03/30 11:42:33,,"COLLECTION_MATCH_NONE;INSTITUTION_MATCH_FUZZY","51",Clay,"43",No recent survey data available,,2011/11/29,6153362609.045000076293945,449623.071326926990878
"1987092739",8e479b8f-ac16-4bed-a11a-bc7e27c31663,545767e8-40dd-4fa9-ba85-d9fd9bbe8a96,Animalia,Chordata,Amphibia,Caudata,Cryptobranchidae,Cryptobranchus,,,GENUS,"Cryptobranchus Leuckart, 1821",CRYPTOBRANCHUS ALLEGANIENSIS,,US,N FORK NEW RIVER NR CRUMPLER,North Carolina,PRESENT,"1",6ea87510-0561-11d8-b851-b8a03c50a862,36.505911,-81.391779,3036,,,,,,1961/10/12 00:00:00,"12","10","1961","2432030",,PRESERVED_SPECIMEN,UMMZ,herps,"193688",RLH A-1725,,,CC_BY_4_0,,R L HUMPHRIES,,NATIVE,2021/03/30 11:42:33,,"RECORDED_DATE_INVALID;COLLECTION_MATCH_NONE;INSTITUTION_MATCH_FUZZY","99",Ashe,"9",No recent survey data available,,2011/11/29,11939188224.467700958251953,520045.398396803007927
"1987089926",8e479b8f-ac16-4bed-a11a-bc7e27c31663,4d6c5058-48e3-4731-a341-0e70978f17b4,Animalia,Chordata,Amphibia,Caudata,Cryptobranchidae,Cryptobranchus,,,GENUS,"Cryptobranchus Leuckart, 1821",CRYPTOBRANCHUS ALLEGANIENSIS,,US,FIRES CREEK,North Carolina,PRESENT,"1",6ea87510-0561-11d8-b851-b8a03c50a862,35.106775,-83.819213,7866,,,,,,1960/09/21 00:00:00,"21","9","1960","2432030",,PRESERVED_SPECIMEN,UMMZ,herps,"193673",RLH A-1769,,,CC_BY_4_0,,R L HUMPHRIES & FISH DIV PERSONNEL,,NATIVE,2021/03/30 11:42:33,,"COLLECTION_MATCH_NONE;INSTITUTION_MATCH_FUZZY","51",Clay,"43",No recent survey data available,,2011/11/29,6153362609.045000076293945,449623.071326926990878
"1987087296",8e479b8f-ac16-4bed-a11a-bc7e27c31663,4db0fe93-d366-46fd-8baa-a8c176779049,Animalia,Chordata,Amphibia,Caudata,Cryptobranchidae,Cryptobranchus,,,GENUS,"Cryptobranchus Leuckart, 1821",CRYPTOBRANCHUS ALLEGANIENSIS,,US,FIRES CREEK,North Carolina,PRESENT,"1",6ea87510-0561-11d8-b851-b8a03c50a862,35.106775,-83.819213,7866,,,,,,1960/09/21 00:00:00,"21","9","1960","2432030",,PRESERVED_SPECIMEN,UMMZ,herps,"193671",RLH A-1767,,,CC_BY_4_0,,R L HUMPHRIES & FISH DIV PERSONNEL,,NATIVE,2021/03/30 11:42:33,,"COLLECTION_MATCH_NONE;INSTITUTION_MATCH_FUZZY","51",Clay,"43",No recent survey data available,,2011/11/29,6153362609.045000076293945,449623.071326926990878
"1987084869",8e479b8f-ac16-4bed-a11a-bc7e27c31663,4a67716d-7eaa-4f9a-b3bc-041411a23ec2,Animalia,Chordata,Amphibia,Caudata,Cryptobranchidae,Cryptobranchus,,,GENUS,"Cryptobranchus Leuckart, 1821",CRYPTOBRANCHUS ALLEGANIENSIS,,US,N FORK NEW RIVER NR CRUMPLER,North Carolina,PRESENT,"1",6ea87510-0561-11d8-b851-b8a03c50a862,36.505911,-81.391779,3036,,,,,,1961/10/12 00:00:00,"12","10","1961","2432030",,PRESERVED_SPECIMEN,UMMZ,herps,"193690",RLH A-1728,,,CC_BY_4_0,,R L HUMPHRIES,,NATIVE,2021/03/30 11:42:37,,"RECORDED_DATE_INVALID;COLLECTION_MATCH_NONE;INSTITUTION_MATCH_FUZZY","99",Ashe,"9",No recent survey data available,,2011/11/29,11939188224.467700958251953,520045.398396803007927
"1987079310",8e479b8f-ac16-4bed-a11a-bc7e27c31663,439ae657-92f1-40e7-9a57-d98047e205f1,Animalia,Chordata,Amphibia,Caudata,Cryptobranchidae,Cryptobranchus,,,GENUS,"Cryptobranchus Leuckart, 1821",CRYPTOBRANCHUS ALLEGANIENSIS,,US,FIRES CREEK,North Carolina,PRESENT,"1",6ea87510-0561-11d8-b851-b8a03c50a862,35.106775,-83.819213,7866,,,,,,1960/09/21 00:00:00,"21","9","1960","2432030",,PRESERVED_SPECIMEN,UMMZ,herps,"193715",RLH A-1755,,,CC_BY_4_0,,R L HUMPHRIES,,NATIVE,2021/03/30 11:42:33,,"COLLECTION_MATCH_NONE;INSTITUTION_MATCH_FUZZY","51",Clay,"43",No recent survey data available,,2011/11/29,6153362609.045000076293945,449623.071326926990878
"1987076592",8e479b8f-ac16-4bed-a11a-bc7e27c31663,403c7e97-0297-4cf5-9bf9-43823d1eb2be,Animalia,Chordata,Amphibia,Caudata,Cryptobranchidae,Cryptobranchus,,,GENUS,"Cryptobranchus Leuckart, 1821",CRYPTOBRANCHUS ALLEGANIENSIS,,US,TUSQUITEE CREEK 1/2 MI ABOVE MOUTH N OF HAYESVILLE,North Carolina,PRESENT,"1",6ea87510-0561-11d8-b851-b8a03c50a862,35.066746,-83.823642,210,,,,,,1947/07/29 00:00:00,"29","7","1947","2432030",,PRESERVED_SPECIMEN,UMMZ,herps,"97594",,,,CC_BY_4_0,,J R BAILEY,,NATIVE,2021/03/30 11:42:36,,"COLLECTION_MATCH_NONE;INSTITUTION_MATCH_FUZZY","51",Clay,"43",No recent survey data available,,2011/11/29,6153362609.045000076293945,449623.071326926990878
"1987076013",8e479b8f-ac16-4bed-a11a-bc7e27c31663,3c0be40e-db42-4292-985a-56e833afe301,Animalia,Chordata,Amphibia,Caudata,Cryptobranchidae,Cryptobranchus,,,GENUS,"Cryptobranchus Leuckart, 1821",CRYPTOBRANCHUS ALLEGANIENSIS,,US,5 MI N W OF SPARTA NEW RIVER,North Carolina,PRESENT,"1",6ea87510-0561-11d8-b851-b8a03c50a862,36.556664,-81.184709,5565,,,,,,1949/07/20 00:00:00,"20","7","1949","2432030",,PRESERVED_SPECIMEN,UMMZ,herps,"101215",,,,CC_BY_4_0,,J R BAILEY ET AL,,NATIVE,2021/03/30 11:42:32,,"COLLECTION_MATCH_NONE;INSTITUTION_MATCH_FUZZY","100",Alleghany,"5",No recent survey data available,,2011/11/29,6576362290.697139739990234,439166.717184656998143
"1987073088",8e479b8f-ac16-4bed-a11a-bc7e27c31663,3bcfa86b-d4bf-4351-8fb2-60a748f18bf4,Animalia,Chordata,Amphibia,Caudata,Cryptobranchidae,Cryptobranchus,,,GENUS,"Cryptobranchus Leuckart, 1821",CRYPTOBRANCHUS ALLEGANIENSIS,,US,FIRES CREEK,North Carolina,PRESENT,"1",6ea87510-0561-11d8-b851-b8a03c50a862,35.106775,-83.819213,7866,,,,,,1960/09/21 00:00:00,"21","9","1960","2432030",,PRESERVED_SPECIMEN,UMMZ,herps,"193722",RLH A-1766,,,CC_BY_4_0,,R L HUMPHRIES,,NATIVE,2021/03/30 11:42:32,,"COLLECTION_MATCH_NONE;INSTITUTION_MATCH_FUZZY","51",Clay,"43",No recent survey data available,,2011/11/29,6153362609.045000076293945,449623.071326926990878
"1987071114",8e479b8f-ac16-4bed-a11a-bc7e27c31663,3979fb73-f605-4274-99ff-d4e95db9dac9,Animalia,Chordata,Amphibia,Caudata,Cryptobranchidae,Cryptobranchus,,,GENUS,"Cryptobranchus Leuckart, 1821",CRYPTOBRANCHUS ALLEGANIENSIS,,US,LITTLE RIVER NEAR ENNICE,North Carolina,PRESENT,"1",6ea87510-0561-11d8-b851-b8a03c50a862,36.561558,-81.010614,3036,,,,,,1957/08/26 00:00:00,"26","8","1957","2432030",,PRESERVED_SPECIMEN,UMMZ,herps,"150644",,,,CC_BY_4_0,,R M & D BAILEY,,NATIVE,2021/03/30 11:42:32,,"COLLECTION_MATCH_NONE;INSTITUTION_MATCH_FUZZY","100",Alleghany,"5",No recent survey data available,,2011/11/29,6576362290.697139739990234,439166.717184656998143
"1987070256",8e479b8f-ac16-4bed-a11a-bc7e27c31663,382a0ed0-7ef2-45d5-9ef4-3126a75adc18,Animalia,Chordata,Amphibia,Caudata,Cryptobranchidae,Cryptobranchus,,,GENUS,"Cryptobranchus Leuckart, 1821",CRYPTOBRANCHUS ALLEGANIENSIS,,US,FIRES CREEK,North Carolina,PRESENT,"1",6ea87510-0561-11d8-b851-b8a03c50a862,35.106775,-83.819213,7866,,,,,,1960/09/21 00:00:00,"21","9","1960","2432030",,PRESERVED_SPECIMEN,UMMZ,herps,"193700",RLH A-1741,,,CC_BY_4_0,,R L HUMPHRIES,,NATIVE,2021/03/30 11:42:36,,"COLLECTION_MATCH_NONE;INSTITUTION_MATCH_FUZZY","51",Clay,"43",No recent survey data available,,2011/11/29,6153362609.045000076293945,449623.071326926990878
"1987066130",8e479b8f-ac16-4bed-a11a-bc7e27c31663,32e0626d-941b-4d90-bcc6-251b0c2416e5,Animalia,Chordata,Amphibia,Caudata,Cryptobranchidae,Cryptobranchus,,,GENUS,"Cryptobranchus Leuckart, 1821",CRYPTOBRANCHUS ALLEGANIENSIS,,US,5 MI N W OF SPARTA NEW RIVER,North Carolina,PRESENT,"1",6ea87510-0561-11d8-b851-b8a03c50a862,36.556664,-81.184709,5565,,,,,,1949/07/20 00:00:00,"20","7","1949","2432030",,PRESERVED_SPECIMEN,UMMZ,herps,"101216",,,,CC_BY_4_0,,J R BAILEY ET AL,,NATIVE,2021/03/30 11:42:32,,"COLLECTION_MATCH_NONE;INSTITUTION_MATCH_FUZZY","100",Alleghany,"5",No recent survey data available,,2011/11/29,6576362290.697139739990234,439166.717184656998143
"1987065810",8e479b8f-ac16-4bed-a11a-bc7e27c31663,2f244de1-f4fc-4f28-9a72-d89241e79293,Animalia,Chordata,Amphibia,Caudata,Cryptobranchidae,Cryptobranchus,,,GENUS,"Cryptobranchus Leuckart, 1821",CRYPTOBRANCHUS ALLEGANIENSIS,,US,FIRES CREEK,North Carolina,PRESENT,"1",6ea87510-0561-11d8-b851-b8a03c50a862,35.106775,-83.819213,7866,,,,,,1960/09/21 00:00:00,"21","9","1960","2432030",,PRESERVED_SPECIMEN,UMMZ,herps,"193729",,,,CC_BY_4_0,,R L HUMPHRIES,,NATIVE,2021/03/30 11:42:36,,"COLLECTION_MATCH_NONE;INSTITUTION_MATCH_FUZZY","51",Clay,"43",No recent survey data available,,2011/11/29,6153362609.045000076293945,449623.071326926990878
"1987064390",8e479b8f-ac16-4bed-a11a-bc7e27c31663,30d61984-58ab-4155-8573-e0bc5c726d7a,Animalia,Chordata,Amphibia,Caudata,Cryptobranchidae,Cryptobranchus,,,GENUS,"Cryptobranchus Leuckart, 1821",CRYPTOBRANCHUS ALLEGANIENSIS,,US,FIRES CREEK,North Carolina,PRESENT,"1",6ea87510-0561-11d8-b851-b8a03c50a862,35.106775,-83.819213,7866,,,,,,1960/09/21 00:00:00,"21","9","1960","2432030",,PRESERVED_SPECIMEN,UMMZ,herps,"193726",RLH A-1782,,,CC_BY_4_0,,R L HUMPHRIES,,NATIVE,2021/03/30 11:42:35,,"COLLECTION_MATCH_NONE;INSTITUTION_MATCH_FUZZY","51",Clay,"43",No recent survey data available,,2011/11/29,6153362609.045000076293945,449623.071326926990878
"1987061316",8e479b8f-ac16-4bed-a11a-bc7e27c31663,2cd01b11-2ad0-4c70-b3b8-ef42762ab4dc,Animalia,Chordata,Amphibia,Caudata,Cryptobranchidae,Cryptobranchus,,,GENUS,"Cryptobranchus Leuckart, 1821",CRYPTOBRANCHUS ALLEGANIENSIS,,US,NR TENNESSEE STATE LINE/RATTLER FORD/SANTEETLAH CREEK,North Carolina,PRESENT,"1",6ea87510-0561-11d8-b851-b8a03c50a862,35.347897,-83.904056,301,,,,,,1962/09/11 00:00:00,"11","9","1962","2432030",,PRESERVED_SPECIMEN,UMMZ,herps,"193686",,,,CC_BY_4_0,,R L HUMPHRIES,,NATIVE,2021/03/30 11:42:32,,"RECORDED_DATE_INVALID;COLLECTION_MATCH_NONE;INSTITUTION_MATCH_FUZZY","57",Graham,"75",No recent survey data available,,2011/11/29,8407157625.797209739685059,476642.886354553978890
"1987061149",8e479b8f-ac16-4bed-a11a-bc7e27c31663,2c868685-5741-4e30-b84f-ee01db3d02b4,Animalia,Chordata,Amphibia,Caudata,Cryptobranchidae,Cryptobranchus,,,GENUS,"Cryptobranchus Leuckart, 1821",CRYPTOBRANCHUS ALLEGANIENSIS,,US,FIRES CREEK,North Carolina,PRESENT,"1",6ea87510-0561-11d8-b851-b8a03c50a862,35.106775,-83.819213,7866,,,,,,1960/09/21 00:00:00,"21","9","1960","2432030",,PRESERVED_SPECIMEN,UMMZ,herps,"193704",RLH A-1745,,,CC_BY_4_0,,R L HUMPHRIES,,NATIVE,2021/03/30 11:42:32,,"COLLECTION_MATCH_NONE;INSTITUTION_MATCH_FUZZY","51",Clay,"43",No recent survey data available,,2011/11/29,6153362609.045000076293945,449623.071326926990878
"1987056850",8e479b8f-ac16-4bed-a11a-bc7e27c31663,27190697-857e-4f69-a6f5-b8812e3fa461,Animalia,Chordata,Amphibia,Caudata,Cryptobranchidae,Cryptobranchus,,,GENUS,"Cryptobranchus Leuckart, 1821",CRYPTOBRANCHUS ALLEGANIENSIS,,US,N FORK NEW RIVER NR CRUMPLER,North Carolina,PRESENT,"1",6ea87510-0561-11d8-b851-b8a03c50a862,36.505911,-81.391779,3036,,,,,,1961/10/12 00:00:00,"12","10","1961","2432030",,PRESERVED_SPECIMEN,UMMZ,herps,"193696",RLH A-1735,,,CC_BY_4_0,,R L HUMPHRIES,,NATIVE,2021/03/30 11:42:32,,"RECORDED_DATE_INVALID;COLLECTION_MATCH_NONE;INSTITUTION_MATCH_FUZZY","99",Ashe,"9",No recent survey data available,,2011/11/29,11939188224.467700958251953,520045.398396803007927
"1987055462",8e479b8f-ac16-4bed-a11a-bc7e27c31663,210f010f-c4b6-4de4-9bf3-181ecb3db1eb,Animalia,Chordata,Amphibia,Caudata,Cryptobranchidae,Cryptobranchus,,,GENUS,"Cryptobranchus Leuckart, 1821",CRYPTOBRANCHUS ALLEGANIENSIS,,US,FIRES CREEK,North Carolina,PRESENT,"1",6ea87510-0561-11d8-b851-b8a03c50a862,35.106775,-83.819213,7866,,,,,,1960/09/21 00:00:00,"21","9","1960","2432030",,PRESERVED_SPECIMEN,UMMZ,herps,"193702",RLH A-1743,,,CC_BY_4_0,,R L HUMPHRIES,,NATIVE,2021/03/30 11:42:32,,"COLLECTION_MATCH_NONE;INSTITUTION_MATCH_FUZZY","51",Clay,"43",No recent survey data available,,2011/11/29,6153362609.045000076293945,449623.071326926990878
"1987054048",8e479b8f-ac16-4bed-a11a-bc7e27c31663,2383f62b-d95b-45c6-96d0-dc2a93734035,Animalia,Chordata,Amphibia,Caudata,Cryptobranchidae,Cryptobranchus,,,GENUS,"Cryptobranchus Leuckart, 1821",CRYPTOBRANCHUS ALLEGANIENSIS,,US,TUSQUITEE 1/2 MI ABOVE MOUTH N OF HAYESVILLE,North Carolina,PRESENT,"1",6ea87510-0561-11d8-b851-b8a03c50a862,35.069907,-83.813171,723,,,,,,1947/07/29 00:00:00,"29","7","1947","2432030",,PRESERVED_SPECIMEN,UMMZ,herps,"97794",,,,CC_BY_4_0,,J R BAILEY ET AL,,NATIVE,2021/03/30 11:42:36,,"COLLECTION_MATCH_NONE;INSTITUTION_MATCH_FUZZY","51",Clay,"43",No recent survey data available,,2011/11/29,6153362609.045000076293945,449623.071326926990878
"1987048511",8e479b8f-ac16-4bed-a11a-bc7e27c31663,19210f15-6aea-4eeb-948a-665fe5327ae9,Animalia,Chordata,Amphibia,Caudata,Cryptobranchidae,Cryptobranchus,,,GENUS,"Cryptobranchus Leuckart, 1821",CRYPTOBRANCHUS ALLEGANIENSIS,,US,FIRES CREEK,North Carolina,PRESENT,"1",6ea87510-0561-11d8-b851-b8a03c50a862,35.106775,-83.819213,7866,,,,,,1960/09/21 00:00:00,"21","9","1960","2432030",,PRESERVED_SPECIMEN,UMMZ,herps,"193712",RLH A-1752,,,CC_BY_4_0,,R L HUMPHRIES,,NATIVE,2021/03/30 11:42:31,,"COLLECTION_MATCH_NONE;INSTITUTION_MATCH_FUZZY","51",Clay,"43",No recent survey data available,,2011/11/29,6153362609.045000076293945,449623.071326926990878
"1987046639",8e479b8f-ac16-4bed-a11a-bc7e27c31663,1a7ed464-b788-4a07-9173-a62785bc41cd,Animalia,Chordata,Amphibia,Caudata,Cryptobranchidae,Cryptobranchus,,,GENUS,"Cryptobranchus Leuckart, 1821",CRYPTOBRANCHUS ALLEGANIENSIS,,US,PEACHTREE CREEK NEAR MOUTH 3 1/2 MI E OF MURPHY,North Carolina,PRESENT,"1",6ea87510-0561-11d8-b851-b8a03c50a862,35.074548,-83.979918,1152,,,,,,1947/08/01 00:00:00,"1","8","1947","2432030",,PRESERVED_SPECIMEN,UMMZ,herps,"97628",,,,CC_BY_4_0,,J R BAILEY ET AL,,NATIVE,2021/03/30 11:42:35,,"RECORDED_DATE_INVALID;COLLECTION_MATCH_NONE;INSTITUTION_MATCH_FUZZY","50",Cherokee,"39",No recent survey data available,,2011/11/29,13006698079.458799362182617,614863.019621219020337
"1987041181",8e479b8f-ac16-4bed-a11a-bc7e27c31663,14266a26-be4f-4852-aba1-56023d1400de,Animalia,Chordata,Amphibia,Caudata,Cryptobranchidae,Cryptobranchus,,,GENUS,"Cryptobranchus Leuckart, 1821",CRYPTOBRANCHUS ALLEGANIENSIS,,US,LITTLE RIVER NEAR ENNICE,North Carolina,PRESENT,"1",6ea87510-0561-11d8-b851-b8a03c50a862,36.561558,-81.010614,3036,,,,,,1957/08/27 00:00:00,"27","8","1957","2432030",,PRESERVED_SPECIMEN,UMMZ,herps,"117406",,,,CC_BY_4_0,,R M BAILEY,,NATIVE,2021/03/30 11:42:36,,"COLLECTION_MATCH_NONE;INSTITUTION_MATCH_FUZZY","100",Alleghany,"5",No recent survey data available,,2011/11/29,6576362290.697139739990234,439166.717184656998143
"1987040403",8e479b8f-ac16-4bed-a11a-bc7e27c31663,1288ec29-5697-44bb-9041-60f3e070e45a,Animalia,Chordata,Amphibia,Caudata,Cryptobranchidae,Cryptobranchus,,,GENUS,"Cryptobranchus Leuckart, 1821",CRYPTOBRANCHUS ALLEGANIENSIS,,US,FIRES CREEK,North Carolina,PRESENT,"1",6ea87510-0561-11d8-b851-b8a03c50a862,35.106775,-83.819213,7866,,,,,,1960/09/21 00:00:00,"21","9","1960","2432030",,PRESERVED_SPECIMEN,UMMZ,herps,"193725",RLH A-1781,,,CC_BY_4_0,,R L HUMPHRIES,,NATIVE,2021/03/30 11:42:32,,"COLLECTION_MATCH_NONE;INSTITUTION_MATCH_FUZZY","51",Clay,"43",No recent survey data available,,2011/11/29,6153362609.045000076293945,449623.071326926990878
"1987037487",8e479b8f-ac16-4bed-a11a-bc7e27c31663,0f284e14-8ee8-4936-9b87-5afda73e61ba,Animalia,Chordata,Amphibia,Caudata,Cryptobranchidae,Cryptobranchus,,,GENUS,"Cryptobranchus Leuckart, 1821",CRYPTOBRANCHUS ALLEGANIENSIS,,US,FIRES CREEK,North Carolina,PRESENT,"1",6ea87510-0561-11d8-b851-b8a03c50a862,35.106775,-83.819213,7866,,,,,,1960/09/21 00:00:00,"21","9","1960","2432030",,PRESERVED_SPECIMEN,UMMZ,herps,"193698",RLH A-1739,,,CC_BY_4_0,,R L HUMPHRIES,,NATIVE,2021/03/30 11:42:31,,"COLLECTION_MATCH_NONE;INSTITUTION_MATCH_FUZZY","51",Clay,"43",No recent survey data available,,2011/11/29,6153362609.045000076293945,449623.071326926990878
"1987033422",8e479b8f-ac16-4bed-a11a-bc7e27c31663,0a660c85-209f-46a2-82f3-302bf7bda75e,Animalia,Chordata,Amphibia,Caudata,Cryptobranchidae,Cryptobranchus,,,GENUS,"Cryptobranchus Leuckart, 1821",CRYPTOBRANCHUS ALLEGANIENSIS,,US,FIRES CREEK,North Carolina,PRESENT,"1",6ea87510-0561-11d8-b851-b8a03c50a862,35.106775,-83.819213,7866,,,,,,1960/09/21 00:00:00,"21","9","1960","2432030",,PRESERVED_SPECIMEN,UMMZ,herps,"193680",RLH A-1778,,,CC_BY_4_0,,R L HUMPHRIES & FISH DIV PERSONNEL,,NATIVE,2021/03/30 11:42:35,,"COLLECTION_MATCH_NONE;INSTITUTION_MATCH_FUZZY","51",Clay,"43",No recent survey data available,,2011/11/29,6153362609.045000076293945,449623.071326926990878
"1987032911",8e479b8f-ac16-4bed-a11a-bc7e27c31663,09ccac88-af5f-49ec-b784-edf1fc536aaf,Animalia,Chordata,Amphibia,Caudata,Cryptobranchidae,Cryptobranchus,,,GENUS,"Cryptobranchus Leuckart, 1821",CRYPTOBRANCHUS ALLEGANIENSIS,,US,FIRES CREEK,North Carolina,PRESENT,"1",6ea87510-0561-11d8-b851-b8a03c50a862,35.106775,-83.819213,7866,,,,,,1960/09/21 00:00:00,"21","9","1960","2432030",,PRESERVED_SPECIMEN,UMMZ,herps,"193710",RLH A-1751,,,CC_BY_4_0,,R L HUMPHRIES,,NATIVE,2021/03/30 11:42:35,,"COLLECTION_MATCH_NONE;INSTITUTION_MATCH_FUZZY","51",Clay,"43",No recent survey data available,,2011/11/29,6153362609.045000076293945,449623.071326926990878
"1987030270",8e479b8f-ac16-4bed-a11a-bc7e27c31663,0667d3bc-11e4-4c81-8c80-19e77ce86634,Animalia,Chordata,Amphibia,Caudata,Cryptobranchidae,Cryptobranchus,,,GENUS,"Cryptobranchus Leuckart, 1821",CRYPTOBRANCHUS ALLEGANIENSIS,,US,HANGING DOG CREEK AT EBENEZER 1880 FT,North Carolina,PRESENT,"1",6ea87510-0561-11d8-b851-b8a03c50a862,35.151851,-84.061351,3036,,,,,,1947/08/05 00:00:00,"5","8","1947","2432030",,PRESERVED_SPECIMEN,UMMZ,herps,"97793",,,,CC_BY_4_0,,J R BAILEY ET AL,,NATIVE,2021/03/30 11:42:35,,"RECORDED_DATE_INVALID;COLLECTION_MATCH_NONE;INSTITUTION_MATCH_FUZZY","50",Cherokee,"39",No recent survey data available,,2011/11/29,13006698079.458799362182617,614863.019621219020337
"1987030046",8e479b8f-ac16-4bed-a11a-bc7e27c31663,05ee38e5-4cd9-4100-9ad8-94fac084bf40,Animalia,Chordata,Amphibia,Caudata,Cryptobranchidae,Cryptobranchus,,,GENUS,"Cryptobranchus Leuckart, 1821",CRYPTOBRANCHUS ALLEGANIENSIS,,US,FIRES CREEK,North Carolina,PRESENT,"1",6ea87510-0561-11d8-b851-b8a03c50a862,35.106775,-83.819213,7866,,,,,,1960/09/21 00:00:00,"21","9","1960","2432030",,PRESERVED_SPECIMEN,UMMZ,herps,"193699",RLH A-1740,,,CC_BY_4_0,,R L HUMPHRIES,,NATIVE,2021/03/30 11:42:35,,"COLLECTION_MATCH_NONE;INSTITUTION_MATCH_FUZZY","51",Clay,"43",No recent survey data available,,2011/11/29,6153362609.045000076293945,449623.071326926990878
"1987027049",8e479b8f-ac16-4bed-a11a-bc7e27c31663,013de24b-615c-433a-baf3-ad24789d8a5a,Animalia,Chordata,Amphibia,Caudata,Cryptobranchidae,Cryptobranchus,,,GENUS,"Cryptobranchus Leuckart, 1821",CRYPTOBRANCHUS ALLEGANIENSIS,,US,FIRES CREEK,North Carolina,PRESENT,"1",6ea87510-0561-11d8-b851-b8a03c50a862,35.106775,-83.819213,7866,,,,,,1960/09/21 00:00:00,"21","9","1960","2432030",,PRESERVED_SPECIMEN,UMMZ,herps,"193709",RLH A-1750,,,CC_BY_4_0,,R L HUMPHRIES,,NATIVE,2021/03/30 11:42:31,,"COLLECTION_MATCH_NONE;INSTITUTION_MATCH_FUZZY","51",Clay,"43",No recent survey data available,,2011/11/29,6153362609.045000076293945,449623.071326926990878
"1987026450",8e479b8f-ac16-4bed-a11a-bc7e27c31663,00538719-fea8-4110-b854-5aa1e2956972,Animalia,Chordata,Amphibia,Caudata,Cryptobranchidae,Cryptobranchus,,,GENUS,"Cryptobranchus Leuckart, 1821",CRYPTOBRANCHUS ALLEGANIENSIS,,US,S FORK NEW RIVER AT NC 16 X 88 BRIDGE NR INDEX NC,North Carolina,PRESENT,"1",6ea87510-0561-11d8-b851-b8a03c50a862,36.394433,-81.407625,3036,,,,,,1961/10/13 00:00:00,"13","10","1961","2432030",,PRESERVED_SPECIMEN,UMMZ,herps,"193697",RLH A-1738,,,CC_BY_4_0,,R L HUMPHRIES,,NATIVE,2021/03/30 11:42:31,,"COLLECTION_MATCH_NONE;INSTITUTION_MATCH_FUZZY","99",Ashe,"9",No recent survey data available,,2011/11/29,11939188224.467700958251953,520045.398396803007927
"1848588685",832b8188-f762-11e1-a439-00145eb45e9a,a8a07c4a-9e4d-4879-ab9b-34f692a78388,Animalia,Chordata,Amphibia,Caudata,Cryptobranchidae,Cryptobranchus,Cryptobranchus alleganiensis,,SPECIES,"Cryptobranchus alleganiensis (Sonnini de Manoncourt & Latreille, 1801)",Cryptobranchus alleganiensis,,US,Boone,North Carolina,PRESENT,,8483a1f0-1032-11db-ae00-b8a03c50a862,36.212463,-81.675512,180000,,,,,,1986/09/20 00:00:00,"20","9","1986","2432031","2432031",PRESERVED_SPECIMEN,UF,Herp,"184496",,"Fedler, Matthew",,CC_BY_NC_4_0,,,,,2021/04/02 21:30:44,,"INSTITUTION_MATCH_FUZZY;COLLECTION_MATCH_FUZZY","89",Watauga,"189",No recent survey data available,,2011/11/29,8735203026.056030273437500,444608.492760764027480
"1802772668",50c9509d-22c7-4a22-a47d-8c48425ef4a7,https://www.inaturalist.org/observations/9364165,Animalia,Chordata,Amphibia,Caudata,Cryptobranchidae,Cryptobranchus,Cryptobranchus alleganiensis,,SPECIES,"Cryptobranchus alleganiensis (Sonnini de Manoncourt & Latreille, 1801)",Cryptobranchus alleganiensis,,US,,North Carolina,PRESENT,,28eb1a3f-1c15-4a95-931a-4af90ecb574d,35.329791,-82.793416,28706,,,,,,2017/10/09 00:00:00,"9","10","2017","2432031","2432031",HUMAN_OBSERVATION,iNaturalist,Observations,"9364165",,Rich Stevenson,2018/01/04 17:34:30,CC_BY_NC_4_0,Rich Stevenson,Rich Stevenson,,,2021/04/04 10:45:20,StillImage,"COORDINATE_ROUNDED;GEODETIC_DATUM_ASSUMED_WGS84;INSTITUTION_MATCH_NONE;COLLECTION_MATCH_NONE","43",Transylvania,"175",Recorded survey data is available. Visit North Carolina Geodetic Survey for information. https://ncgs.state.nc.us,https://ncem-gis.maps.arcgis.com/apps/OnePane/basicviewer/index.html?appid=523dc3d6b7424a20afbae7b7c1b99d33,2011/11/29,10600068390.952100753784180,548386.523634038050659
"1585939351",65dfe059-f1c1-4ec9-9a05-d6877a1d2842,2e7e5a90-04ed-11e3-a076-001125a80fb6,Animalia,Chordata,Amphibia,Caudata,Cryptobranchidae,Cryptobranchus,Cryptobranchus alleganiensis,,SPECIES,"Cryptobranchus alleganiensis (Sonnini de Manoncourt & Latreille, 1801)",Cryptobranchus alleganiensis,,US,"2.5 mi. S of Junct. U.S. Hwy 4214194 on 194; Watauga River",North Carolina,PRESENT,,4200d851-2340-4411-bda9-126613424633,36.223,-81.78834,,,,,,,1964/09/08 00:00:00,"8","9","1964","2432031","2432031",PRESERVED_SPECIMEN,SLU,Herps,"1044",,,,CC0_1_0,,Royal D Suttkus,,NATIVE,2021/03/30 10:45:02,,COLLECTION_MATCH_FUZZY,"89",Watauga,"189",No recent survey data available,,2011/11/29,8735203026.056030273437500,444608.492760764027480
"1572377788",50c9509d-22c7-4a22-a47d-8c48425ef4a7,https://www.inaturalist.org/observations/6965826,Animalia,Chordata,Amphibia,Caudata,Cryptobranchidae,Cryptobranchus,Cryptobranchus alleganiensis,alleganiensis,SUBSPECIES,Cryptobranchus alleganiensis alleganiensis,Cryptobranchus alleganiensis alleganiensis,,US,,North Carolina,PRESENT,,28eb1a3f-1c15-4a95-931a-4af90ecb574d,35.518115,-82.623705,28677,,,,,,2017/06/21 08:56:00,"21","6","2017","7062233","2432031",HUMAN_OBSERVATION,iNaturalist,Observations,"6965826",,heartsabustin,2017/07/08 12:58:31,CC_BY_NC_4_0,heartsabustin,heartsabustin,,,2021/04/04 11:35:11,StillImage,"COORDINATE_ROUNDED;GEODETIC_DATUM_ASSUMED_WGS84;INSTITUTION_MATCH_NONE;COLLECTION_MATCH_NONE","61",Buncombe,"21",No recent survey data available,,2011/11/29,18391145429.709999084472656,790738.319015630055219
"1571139713",50c9509d-22c7-4a22-a47d-8c48425ef4a7,https://www.inaturalist.org/observations/6669235,Animalia,Chordata,Amphibia,Caudata,Cryptobranchidae,Cryptobranchus,Cryptobranchus alleganiensis,,SPECIES,"Cryptobranchus alleganiensis (Sonnini de Manoncourt & Latreille, 1801)",Cryptobranchus alleganiensis,,US,,North Carolina,PRESENT,,28eb1a3f-1c15-4a95-931a-4af90ecb574d,35.730956,-82.287303,28649,,,,,,2017/05/20 00:00:00,"20","5","2017","2432031","2432031",HUMAN_OBSERVATION,iNaturalist,Observations,"6669235",,Paul Freed,2017/06/15 23:11:22,CC_BY_NC_4_0,weavervillelibrary,weavervillelibrary,,,2021/04/04 10:44:58,StillImage,"COORDINATE_ROUNDED;GEODETIC_DATUM_ASSUMED_WGS84;INSTITUTION_MATCH_NONE;COLLECTION_MATCH_NONE","73",Yancey,"199",No recent survey data available,,2014/09/11,8729845647.866029739379883,540363.880884664948098
"1324188916",832b8188-f762-11e1-a439-00145eb45e9a,9e4db55e-39d4-4385-8d29-886fdb89d9a3,Animalia,Chordata,Amphibia,Caudata,Cryptobranchidae,Cryptobranchus,Cryptobranchus alleganiensis,,SPECIES,"Cryptobranchus alleganiensis (Sonnini de Manoncourt & Latreille, 1801)",Cryptobranchus alleganiensis,,US,"South Toe River, 0.15 mi S 7 Mile Ridge Road",North Carolina,PRESENT,,8483a1f0-1032-11db-ae00-b8a03c50a862,35.83129,-82.18448,10,,,,,,2014/07/27 00:00:00,"27","7","2014","2432031","2432031",MACHINE_OBSERVATION,UF,Herp,"173674",,"Krysko, Kenneth",,CC_BY_NC_4_0,,"Mays, Jonathan",,,2021/04/02 21:30:41,StillImage,"INSTITUTION_MATCH_FUZZY;COLLECTION_MATCH_FUZZY","73",Yancey,"199",No recent survey data available,,2014/09/11,8729845647.866029739379883,540363.880884664948098
"1321410688",821cc27a-e3bb-4bc5-ac34-89ada245069d,http://n2t.net/ark:/65665/3ba1b6738-cc56-4fce-9a96-337126170d8d,Animalia,Chordata,Amphibia,Caudata,Cryptobranchidae,Cryptobranchus,Cryptobranchus alleganiensis,,SPECIES,"Cryptobranchus alleganiensis (Sonnini de Manoncourt & Latreille, 1801)",Cryptobranchus alleganiensis,,US,Pisgah National Forest,North Carolina,PRESENT,"1",bc092ff0-02e4-11dc-991f-b8a03c50a862,35.9942,-82.4057,67666.5,,,,,,1934/01/01 00:00:00,,,"1934","2432031","2432031",PRESERVED_SPECIMEN,USNM,Amphibians & Reptiles,"309657",,,,CC0_1_0,,,,,2021/03/30 11:28:29,,"OCCURRENCE_STATUS_INFERRED_FROM_INDIVIDUAL_COUNT;COLLECTION_MATCH_NONE","73",Yancey,"199",No recent survey data available,,2014/09/11,8729845647.866029739379883,540363.880884664948098
"1318643360",821cc27a-e3bb-4bc5-ac34-89ada245069d,http://n2t.net/ark:/65665/33fbab669-c87f-4312-be8d-7df5e281fbd8,Animalia,Chordata,Amphibia,Caudata,Cryptobranchidae,Cryptobranchus,Cryptobranchus alleganiensis,,SPECIES,"Cryptobranchus alleganiensis (Sonnini de Manoncourt & Latreille, 1801)",Cryptobranchus alleganiensis,,US,FRENCH BROAD RIVER,North Carolina,PRESENT,"1",bc092ff0-02e4-11dc-991f-b8a03c50a862,35.5491,-82.5819,52265.1,,,,,,1871/09/01 00:00:00,,"9","1871","2432031","2432031",PRESERVED_SPECIMEN,USNM,Amphibians & Reptiles,"9202",,,,CC0_1_0,,,,,2021/03/30 11:27:40,,"OCCURRENCE_STATUS_INFERRED_FROM_INDIVIDUAL_COUNT;COLLECTION_MATCH_NONE","61",Buncombe,"21",No recent survey data available,,2011/11/29,18391145429.709999084472656,790738.319015630055219
"1135214742",50c9509d-22c7-4a22-a47d-8c48425ef4a7,http://www.inaturalist.org/observations/1856545,Animalia,Chordata,Amphibia,Caudata,Cryptobranchidae,Cryptobranchus,Cryptobranchus alleganiensis,alleganiensis,SUBSPECIES,Cryptobranchus alleganiensis alleganiensis,Cryptobranchus alleganiensis alleganiensis,,US,,North Carolina,PRESENT,,28eb1a3f-1c15-4a95-931a-4af90ecb574d,35.005706,-83.897522,28734,,,,,,2015/08/04 00:00:00,"4","8","2015","7062233","2432031",HUMAN_OBSERVATION,iNaturalist,Observations,"1856545",,knightkrawler5,2016/03/17 16:50:09,CC_BY_NC_4_0,Robby Deans,Robby Deans,,,2021/04/04 11:29:13,StillImage,"COORDINATE_ROUNDED;GEODETIC_DATUM_ASSUMED_WGS84;INSTITUTION_MATCH_NONE;COLLECTION_MATCH_NONE","51",Clay,"43",No recent survey data available,,2011/11/29,6153362609.045000076293945,449623.071326926990878
"1058507219",02242d2f-b43f-44d1-8e53-4c51af461f5b,urn:catalog:OS:Herps:SJA 24180,Animalia,Chordata,Amphibia,Caudata,Cryptobranchidae,Cryptobranchus,Cryptobranchus alleganiensis,,SPECIES,"Cryptobranchus alleganiensis (Sonnini de Manoncourt & Latreille, 1801)",Cryptobranchus alleganiensis,,US,"Davidson Rvr near Brevard, MC",North Carolina,PRESENT,"1",ac5e8480-3714-11da-bc2e-b8a03c50a862,35.547667,-83.439667,,,,,,,1996/08/01 00:00:00,"1","8","1996","2432031","2432031",PRESERVED_SPECIMEN,OS,Herps,SJA 24180,,,,CC0_1_0,,,,NATIVE,2021/03/30 09:30:39,,"COORDINATE_ROUNDED;COLLECTION_MATCH_FUZZY","59",Swain,"173",No recent survey data available,,2011/11/29,15057491262.911300659179688,851283.118235107045621
